location_id,date,latitude,longitude,elevation_m,slope_deg,rainfall_mm,rainfall_1d_mm,consecutive_rainy_days,consecutive_heavy_rain_days,landslide_probability,probability_percent,operating_threshold,model_decision,warning_status,risk_level,prediction_timestamp_utc
AIZ_GRID_040_23.738889_92.696389,2026-10-02,23.738889,92.696389,1042.0,28.00108337402344,10.403031349182127,10.403031349182127,3,0,0.13565283536632416,13.565283536632416,0.47,0,NO_WARNING,LOW,2026-10-03T06:29:05.832081+00:00
AIZ_GRID_040_23.739472_92.696667,2026-10-02,23.739472,92.696667,1040.0,24.626888275146484,10.403031349182127,10.403031349182127,3,0,0.13338521082882845,13.338521082882846,0.47,0,NO_WARNING,LOW,2026-10-03T06:29:05.832081+00:00
AIZ_GRID_040_23.740278_92.697222,2026-10-02,23.740278,92.697222,1035.0,23.32939910888672,10.403031349182127,10.403031349182127,3,0,0.11353547475440494,11.353547475440493,0.47,0,NO_WARNING,LOW,2026-10-03T06:29:05.832081+00:00
AIZ_GRID_040_23.740667_92.693361,2026-10-02,23.740667,92.693361,933.0,20.926502227783203,10.403031349182127,10.403031349182127,3,0,0.2140568827503443,21.40568827503443,0.47,0,NO_WARNING,LOW,2026-10-03T06:29:05.832081+00:00
AIZ_GRID_040_23.738575_92.694194,2026-10-02,23.738575,92.694194,974.0,28.89985084533692,10.403031349182127,10.403031349182127,3,0,0.43666839360074594,43.6668393600746,0.47,0,NO_WARNING,MODERATE,2026-10-03T06:29:05.832081+00:00
AIZ_GRID_040_23.744722_92.692778,2026-10-02,23.744722,92.692778,984.0,19.768285751342773,10.403031349182127,10.403031349182127,3,0,0.13531618845400725,13.531618845400725,0.47,0,NO_WARNING,LOW,2026-10-03T06:29:05.832081+00:00
AIZ_GRID_040_23.741167_92.694556,2026-10-02,23.741167,92.694556,948.0,28.23966407775879,10.403031349182127,10.403031349182127,3,0,0.12512453269911122,12.512453269911122,0.47,0,NO_WARNING,LOW,2026-10-03T06:29:05.832081+00:00
AIZ_GRID_040_23.7375_92.694444,2026-10-02,23.7375,92.694444,1007.0,24.476747512817383,10.403031349182127,10.403031349182127,3,0,0.12821641183144614,12.821641183144614,0.47,0,NO_WARNING,LOW,2026-10-03T06:29:05.832081+00:00
AIZ_GRID_040_23.733861_92.694917,2026-10-02,23.733861,92.694917,899.0,28.761680603027344,10.403031349182127,10.403031349182127,3,0,0.41060109966458647,41.06010996645865,0.47,0,NO_WARNING,MODERATE,2026-10-03T06:29:05.832081+00:00
AIZ_GRID_040_23.726694_92.695194,2026-10-02,23.726694,92.695194,903.0,27.686426162719727,10.403031349182127,10.403031349182127,3,0,0.2035126565792814,20.35126565792814,0.47,0,NO_WARNING,LOW,2026-10-03T06:29:05.832081+00:00
AIZ_GRID_040_23.733611_92.693889,2026-10-02,23.733611,92.693889,891.0,24.97211647033692,10.403031349182127,10.403031349182127,3,0,0.21031914162180665,21.031914162180666,0.47,0,NO_WARNING,LOW,2026-10-03T06:29:05.832081+00:00
AIZ_GRID_040_23.734722_92.695,2026-10-02,23.734722,92.695,922.0,12.168827056884766,10.403031349182127,10.403031349182127,3,0,0.05330452337141348,5.330452337141348,0.47,0,NO_WARNING,LOW,2026-10-03T06:29:05.832081+00:00
AIZ_GRID_040_23.733056_92.699444,2026-10-02,23.733056,92.699444,910.0,28.78240394592285,10.403031349182127,10.403031349182127,3,0,0.40546948281772727,40.54694828177273,0.47,0,NO_WARNING,MODERATE,2026-10-03T06:29:05.832081+00:00
AIZ_GRID_040_23.749722_92.698333,2026-10-02,23.749722,92.698333,632.0,8.904701232910156,10.403031349182127,10.403031349182127,3,0,0.10963988376178133,10.963988376178133,0.47,0,NO_WARNING,LOW,2026-10-03T06:29:05.832081+00:00
AIZ_GRID_041_23.731111_92.702222,2026-10-02,23.731111,92.702222,877.0,14.595784187316896,10.403031349182127,10.403031349182127,3,0,0.06368763990895082,6.368763990895082,0.47,0,NO_WARNING,LOW,2026-10-03T06:29:05.832081+00:00
AIZ_GRID_041_23.731111_92.703889,2026-10-02,23.731111,92.703889,882.0,28.0842399597168,10.403031349182127,10.403031349182127,3,0,0.2295883775681366,22.95883775681366,0.47,0,NO_WARNING,LOW,2026-10-03T06:29:05.832081+00:00
AIZ_GRID_041_23.733333_92.705278,2026-10-02,23.733333,92.705278,949.0,18.31635856628418,10.403031349182127,10.403031349182127,3,0,0.047073907657488846,4.707390765748885,0.47,0,NO_WARNING,LOW,2026-10-03T06:29:05.832081+00:00
AIZ_GRID_040_23.735833_92.697778,2026-10-02,23.735833,92.697778,979.0,23.251510620117188,10.403031349182127,10.403031349182127,3,0,0.06558859687703907,6.558859687703906,0.47,0,NO_WARNING,LOW,2026-10-03T06:29:05.832081+00:00
AIZ_GRID_041_23.731328_92.708219,2026-10-02,23.731328,92.708219,889.0,15.226140022277832,10.403031349182127,10.403031349182127,3,0,0.07557923930376777,7.557923930376777,0.47,0,NO_WARNING,LOW,2026-10-03T06:29:05.832081+00:00
AIZ_GRID_041_23.724283_92.707378,2026-10-02,23.724283,92.707378,988.0,26.4307918548584,10.403031349182127,10.403031349182127,3,0,0.09115539933813399,9.115539933813398,0.47,0,NO_WARNING,LOW,2026-10-03T06:29:05.832081+00:00
AIZ_GRID_041_23.722769_92.70665,2026-10-02,23.722769,92.70665,953.0,38.04790878295898,10.403031349182127,10.403031349182127,3,0,0.6576717143766837,65.76717143766837,0.47,1,WARNING,HIGH,2026-10-03T06:29:05.832081+00:00
AIZ_GRID_041_23.714464_92.711464,2026-10-02,23.714464,92.711464,996.0,28.428613662719727,10.403031349182127,10.403031349182127,3,0,0.29131559986055694,29.131559986055695,0.47,0,NO_WARNING,MODERATE,2026-10-03T06:29:05.832081+00:00
AIZ_GRID_041_23.715811_92.70935,2026-10-02,23.715811,92.70935,905.0,34.40541458129883,10.403031349182127,10.403031349182127,3,0,0.6568238572248002,65.68238572248002,0.47,1,WARNING,HIGH,2026-10-03T06:29:05.832081+00:00
AIZ_GRID_041_23.71595_92.708794,2026-10-02,23.71595,92.708794,909.0,40.60223007202149,10.403031349182127,10.403031349182127,3,0,0.6780930907460775,67.80930907460775,0.47,1,WARNING,HIGH,2026-10-03T06:29:05.832081+00:00
AIZ_GRID_041_23.7175_92.706667,2026-10-02,23.7175,92.706667,912.0,12.113170623779297,10.403031349182127,10.403031349182127,3,0,0.0491070724608021,4.91070724608021,0.47,0,NO_WARNING,LOW,2026-10-03T06:29:05.832081+00:00
AIZ_GRID_041_23.717408_92.706442,2026-10-02,23.717408,92.706442,906.0,16.752363204956055,10.403031349182127,10.403031349182127,3,0,0.03844878617298492,3.844878617298492,0.47,0,NO_WARNING,LOW,2026-10-03T06:29:05.832081+00:00
AIZ_GRID_041_23.717356_92.707533,2026-10-02,23.717356,92.707533,914.0,39.87944793701172,10.403031349182127,10.403031349182127,3,0,0.6700980033313986,67.00980033313985,0.47,1,WARNING,HIGH,2026-10-03T06:29:05.832081+00:00
AIZ_GRID_041_23.717217_92.707778,2026-10-02,23.717217,92.707778,923.0,35.23633575439453,10.403031349182127,10.403031349182127,3,0,0.6343973613100636,63.43973613100636,0.47,1,WARNING,HIGH,2026-10-03T06:29:05.832081+00:00
AIZ_GRID_041_23.716972_92.708172,2026-10-02,23.716972,92.708172,912.0,31.827539443969727,10.403031349182127,10.403031349182127,3,0,0.6545598261638907,65.45598261638908,0.47,1,WARNING,HIGH,2026-10-03T06:29:05.832081+00:00
AIZ_GRID_041_23.713056_92.708958,2026-10-02,23.713056,92.708958,986.0,12.032991409301758,10.403031349182127,10.403031349182127,3,0,0.04345075004188018,4.345075004188018,0.47,0,NO_WARNING,LOW,2026-10-03T06:29:05.832081+00:00
AIZ_GRID_041_23.715231_92.715292,2026-10-02,23.715231,92.715292,1022.0,21.22980499267578,10.403031349182127,10.403031349182127,3,0,0.20144113049361165,20.144113049361163,0.47,0,NO_WARNING,LOW,2026-10-03T06:29:05.832081+00:00
AIZ_GRID_041_23.74_92.715,2026-10-02,23.74,92.715,1065.0,40.31692123413086,10.403031349182127,10.403031349182127,3,0,0.688245477863168,68.8245477863168,0.47,1,WARNING,HIGH,2026-10-03T06:29:05.832081+00:00
AIZ_GRID_041_23.739444_92.714722,2026-10-02,23.739444,92.714722,1066.0,48.21201705932617,10.403031349182127,10.403031349182127,3,0,0.777031077589928,77.7031077589928,0.47,1,WARNING,CRITICAL,2026-10-03T06:29:05.832081+00:00
AIZ_GRID_041_23.711389_92.724444,2026-10-02,23.711389,92.724444,922.0,25.768310546875,10.403031349182127,10.403031349182127,3,0,0.18591853760563834,18.591853760563833,0.47,0,NO_WARNING,LOW,2026-10-03T06:29:05.832081+00:00
AIZ_GRID_041_23.716389_92.721111,2026-10-02,23.716389,92.721111,997.0,17.73926544189453,10.403031349182127,10.403031349182127,3,0,0.09224950191678924,9.224950191678923,0.47,0,NO_WARNING,LOW,2026-10-03T06:29:05.832081+00:00
AIZ_GRID_041_23.714444_92.728611,2026-10-02,23.714444,92.728611,845.0,19.51909446716309,10.403031349182127,10.403031349182127,3,0,0.2752767491682158,27.52767491682158,0.47,0,NO_WARNING,MODERATE,2026-10-03T06:29:05.832081+00:00
AIZ_GRID_041_23.715714_92.726597,2026-10-02,23.715714,92.726597,853.0,24.651403427124023,10.403031349182127,10.403031349182127,3,0,0.22749791304171477,22.749791304171477,0.47,0,NO_WARNING,LOW,2026-10-03T06:29:05.832081+00:00
AIZ_GRID_041_23.7104_92.722378,2026-10-02,23.7104,92.722378,963.0,39.10588073730469,10.403031349182127,10.403031349182127,3,0,0.6494389961135901,64.94389961135902,0.47,1,WARNING,HIGH,2026-10-03T06:29:05.832081+00:00
AIZ_GRID_041_23.718658_92.723353,2026-10-02,23.718658,92.723353,940.0,33.2645263671875,10.403031349182127,10.403031349182127,3,0,0.6396765255909174,63.96765255909174,0.47,1,WARNING,HIGH,2026-10-03T06:29:05.832081+00:00
AIZ_GRID_041_23.7175_92.719722,2026-10-02,23.7175,92.719722,1099.0,26.87264060974121,10.403031349182127,10.403031349182127,3,0,0.06932764872122416,6.932764872122416,0.47,0,NO_WARNING,LOW,2026-10-03T06:29:05.832081+00:00
AIZ_GRID_041_23.71_92.716111,2026-10-02,23.71,92.716111,934.0,28.097299575805664,10.403031349182127,10.403031349182127,3,0,0.170968771860331,17.096877186033097,0.47,0,NO_WARNING,LOW,2026-10-03T06:29:05.832081+00:00
AIZ_GRID_041_23.706667_92.714444,2026-10-02,23.706667,92.714444,1027.0,31.610700607299805,10.403031349182127,10.403031349182127,3,0,0.6638224025587963,66.38224025587964,0.47,1,WARNING,HIGH,2026-10-03T06:29:05.832081+00:00
AIZ_GRID_041_23.705278_92.711389,2026-10-02,23.705278,92.711389,1060.0,34.32509994506836,10.403031349182127,10.403031349182127,3,0,0.6700887454247925,67.00887454247925,0.47,1,WARNING,HIGH,2026-10-03T06:29:05.832081+00:00
AIZ_GRID_041_23.704167_92.712222,2026-10-02,23.704167,92.712222,1070.0,32.48820877075195,10.403031349182127,10.403031349182127,3,0,0.6546748055964893,65.46748055964893,0.47,1,WARNING,HIGH,2026-10-03T06:29:05.832081+00:00
AIZ_GRID_041_23.700278_92.716111,2026-10-02,23.700278,92.716111,1018.0,27.70359992980957,10.403031349182127,10.403031349182127,3,0,0.13365283536632416,13.365283536632417,0.47,0,NO_WARNING,LOW,2026-10-03T06:29:05.832081+00:00
AIZ_GRID_033_23.699722_92.716944,2026-10-02,23.699722,92.716944,1031.0,30.935073852539062,10.403031349182127,10.403031349182127,3,0,0.6558224025587963,65.58224025587963,0.47,1,WARNING,HIGH,2026-10-03T06:29:05.832081+00:00
AIZ_GRID_033_23.680278_92.724722,2026-10-02,23.680278,92.724722,920.0,27.81185913085937,10.403031349182127,10.403031349182127,3,0,0.20982679871829293,20.982679871829294,0.47,0,NO_WARNING,LOW,2026-10-03T06:29:05.832081+00:00
AIZ_GRID_033_23.678056_92.72,2026-10-02,23.678056,92.72,996.0,33.00326156616211,10.403031349182127,10.403031349182127,3,0,0.662010448730744,66.2010448730744,0.47,1,WARNING,HIGH,2026-10-03T06:29:05.832081+00:00
AIZ_GRID_025_23.643333_92.734444,2026-10-02,23.643333,92.734444,720.0,14.505157470703123,10.403031349182127,10.403031349182127,3,0,0.1580722914447336,15.807229144473359,0.47,0,NO_WARNING,LOW,2026-10-03T06:29:05.832081+00:00
AIZ_GRID_025_23.646389_92.726389,2026-10-02,23.646389,92.726389,783.0,29.457958221435547,10.403031349182127,10.403031349182127,3,0,0.4972673661905583,49.72673661905583,0.47,1,WARNING,HIGH,2026-10-03T06:29:05.832081+00:00
AIZ_GRID_025_23.646389_92.725278,2026-10-02,23.646389,92.725278,824.0,16.256122589111328,10.403031349182127,10.403031349182127,3,0,0.09389435793680208,9.389435793680208,0.47,0,NO_WARNING,LOW,2026-10-03T06:29:05.832081+00:00
AIZ_GRID_025_23.631111_92.723889,2026-10-02,23.631111,92.723889,845.0,25.91125869750977,10.403031349182127,10.403031349182127,3,0,0.2594505171259171,25.94505171259171,0.47,0,NO_WARNING,MODERATE,2026-10-03T06:29:05.832081+00:00
AIZ_GRID_025_23.630556_92.723056,2026-10-02,23.630556,92.723056,872.0,19.441648483276367,10.403031349182127,10.403031349182127,3,0,0.21770797804631498,21.7707978046315,0.47,0,NO_WARNING,LOW,2026-10-03T06:29:05.832081+00:00
AIZ_GRID_025_23.628333_92.723333,2026-10-02,23.628333,92.723333,787.0,23.50261878967285,10.403031349182127,10.403031349182127,3,0,0.3081734793714592,30.81734793714592,0.47,0,NO_WARNING,MODERATE,2026-10-03T06:29:05.832081+00:00
AIZ_GRID_025_23.622778_92.724444,2026-10-02,23.622778,92.724444,816.0,19.582061767578125,10.403031349182127,10.403031349182127,3,0,0.29329555118969447,29.32955511896945,0.47,0,NO_WARNING,MODERATE,2026-10-03T06:29:05.832081+00:00
AIZ_GRID_025_23.621944_92.723056,2026-10-02,23.621944,92.723056,812.0,7.370669364929199,10.403031349182127,10.403031349182127,3,0,0.10159342481377752,10.159342481377752,0.47,0,NO_WARNING,LOW,2026-10-03T06:29:05.832081+00:00
AIZ_GRID_025_23.620833_92.7225,2026-10-02,23.620833,92.7225,819.0,16.471155166625977,10.403031349182127,10.403031349182127,3,0,0.09389435793680208,9.389435793680208,0.47,0,NO_WARNING,LOW,2026-10-03T06:29:05.832081+00:00
AIZ_GRID_025_23.619167_92.7225,2026-10-02,23.619167,92.7225,841.0,30.48874282836914,10.403031349182127,10.403031349182127,3,0,0.6108676501211119,61.08676501211119,0.47,1,WARNING,HIGH,2026-10-03T06:29:05.832081+00:00
AIZ_GRID_025_23.62_92.724722,2026-10-02,23.62,92.724722,811.0,22.66691017150879,10.403031349182127,10.403031349182127,3,0,0.22701483918456603,22.701483918456603,0.47,0,NO_WARNING,LOW,2026-10-03T06:29:05.832081+00:00
AIZ_GRID_025_23.619722_92.725278,2026-10-02,23.619722,92.725278,808.0,13.521445274353027,10.403031349182127,10.403031349182127,3,0,0.12225152161078938,12.225152161078938,0.47,0,NO_WARNING,LOW,2026-10-03T06:29:05.832081+00:00
AIZ_GRID_025_23.620278_92.725556,2026-10-02,23.620278,92.725556,781.0,10.557177543640137,10.403031349182127,10.403031349182127,3,0,0.20521064715340334,20.521064715340334,0.47,0,NO_WARNING,LOW,2026-10-03T06:29:05.832081+00:00
AIZ_GRID_025_23.620278_92.726111,2026-10-02,23.620278,92.726111,775.0,12.898162841796877,10.403031349182127,10.403031349182127,3,0,0.23817128019134537,23.817128019134536,0.47,0,NO_WARNING,LOW,2026-10-03T06:29:05.832081+00:00
AIZ_GRID_025_23.621111_92.724444,2026-10-02,23.621111,92.724444,817.0,15.226140022277832,10.403031349182127,10.403031349182127,3,0,0.14224841621030812,14.224841621030812,0.47,0,NO_WARNING,LOW,2026-10-03T06:29:05.832081+00:00
AIZ_GRID_033_23.687433_92.721292,2026-10-02,23.687433,92.721292,1091.0,19.252243041992188,10.403031349182127,10.403031349182127,3,0,0.13716584031203385,13.716584031203386,0.47,0,NO_WARNING,LOW,2026-10-03T06:29:05.832081+00:00
AIZ_GRID_033_23.676944_92.717222,2026-10-02,23.676944,92.717222,1095.0,35.12616729736328,10.403031349182127,10.403031349182127,3,0,0.6231712362592409,62.31712362592409,0.47,1,WARNING,HIGH,2026-10-03T06:29:05.832081+00:00
AIZ_GRID_033_23.675833_92.715,2026-10-02,23.675833,92.715,992.0,20.369962692260746,10.403031349182127,10.403031349182127,3,0,0.1917057158580922,19.17057158580922,0.47,0,NO_WARNING,LOW,2026-10-03T06:29:05.832081+00:00
AIZ_GRID_033_23.674722_92.717222,2026-10-02,23.674722,92.717222,1106.0,12.113170623779297,10.403031349182127,10.403031349182127,3,0,0.05095151209784336,5.095151209784336,0.47,0,NO_WARNING,LOW,2026-10-03T06:29:05.832081+00:00
AIZ_GRID_033_23.674444_92.714722,2026-10-02,23.674444,92.714722,995.0,26.133516311645508,10.403031349182127,10.403031349182127,3,0,0.1103334882399084,11.03334882399084,0.47,0,NO_WARNING,LOW,2026-10-03T06:29:05.832081+00:00
AIZ_GRID_033_23.673889_92.714722,2026-10-02,23.673889,92.714722,1002.0,30.271915435791016,10.403031349182127,10.403031349182127,3,0,0.5866561326625208,58.66561326625208,0.47,1,WARNING,HIGH,2026-10-03T06:29:05.832081+00:00
AIZ_GRID_033_23.672069_92.709929,2026-10-02,23.672069,92.709929,996.0,14.350937843322754,10.403031349182127,10.403031349182127,3,0,0.06805239359975956,6.805239359975957,0.47,0,NO_WARNING,LOW,2026-10-03T06:29:05.832081+00:00
AIZ_GRID_033_23.684301_92.715511,2026-10-02,23.684301,92.715511,1033.0,24.405174255371094,10.403031349182127,10.403031349182127,3,0,0.13088423490169768,13.088423490169768,0.47,0,NO_WARNING,LOW,2026-10-03T06:29:05.832081+00:00
AIZ_GRID_041_23.706389_92.720556,2026-10-02,23.706389,92.720556,892.0,40.88198471069336,10.403031349182127,10.403031349182127,3,0,0.6797556358234135,67.97556358234135,0.47,1,WARNING,HIGH,2026-10-03T06:29:05.832081+00:00
AIZ_GRID_041_23.704167_92.72,2026-10-02,23.704167,92.72,884.0,42.60014343261719,10.403031349182127,10.403031349182127,3,0,0.750215871691711,75.0215871691711,0.47,1,WARNING,CRITICAL,2026-10-03T06:29:05.832081+00:00
AIZ_GRID_041_23.703056_92.720556,2026-10-02,23.703056,92.720556,868.0,33.295074462890625,10.403031349182127,10.403031349182127,3,0,0.6287568659157016,62.87568659157016,0.47,1,WARNING,HIGH,2026-10-03T06:29:05.832081+00:00
AIZ_GRID_033_23.693333_92.720556,2026-10-02,23.693333,92.720556,970.0,33.75522232055664,10.403031349182127,10.403031349182127,3,0,0.631800610543453,63.1800610543453,0.47,1,WARNING,HIGH,2026-10-03T06:29:05.832081+00:00
AIZ_GRID_033_23.69_92.723611,2026-10-02,23.69,92.723611,877.0,16.040876388549805,10.403031349182127,10.403031349182127,3,0,0.07025818899833947,7.025818899833947,0.47,0,NO_WARNING,LOW,2026-10-03T06:29:05.832081+00:00
AIZ_GRID_033_23.683611_92.722778,2026-10-02,23.683611,92.722778,924.0,31.2247314453125,10.403031349182127,10.403031349182127,3,0,0.6601577458637876,66.01577458637877,0.47,1,WARNING,HIGH,2026-10-03T06:29:05.832081+00:00
AIZ_GRID_033_23.676111_92.719722,2026-10-02,23.676111,92.719722,1003.0,41.29151916503906,10.403031349182127,10.403031349182127,3,0,0.7130389020761838,71.30389020761838,0.47,1,WARNING,HIGH,2026-10-03T06:29:05.832081+00:00
AIZ_GRID_033_23.671389_92.723611,2026-10-02,23.671389,92.723611,979.0,31.806421279907227,10.403031349182127,10.403031349182127,3,0,0.637089952353026,63.7089952353026,0.47,1,WARNING,HIGH,2026-10-03T06:29:05.832081+00:00
AIZ_GRID_033_23.666944_92.721944,2026-10-02,23.666944,92.721944,958.0,33.46065139770508,10.403031349182127,10.403031349182127,3,0,0.6350556481848206,63.505564818482064,0.47,1,WARNING,HIGH,2026-10-03T06:29:05.832081+00:00
AIZ_GRID_033_23.666667_92.723889,2026-10-02,23.666667,92.723889,851.0,52.93409729003906,10.403031349182127,10.403031349182127,3,0,0.7510358137915653,75.10358137915652,0.47,1,WARNING,CRITICAL,2026-10-03T06:29:05.832081+00:00
AIZ_GRID_033_23.660278_92.726944,2026-10-02,23.660278,92.726944,850.0,31.568431854248047,10.403031349182127,10.403031349182127,3,0,0.6491757389701012,64.91757389701012,0.47,1,WARNING,HIGH,2026-10-03T06:29:05.832081+00:00
AIZ_GRID_025_23.643889_92.725833,2026-10-02,23.643889,92.725833,821.0,28.00108337402344,10.403031349182127,10.403031349182127,3,0,0.2828221818402534,28.282218184025336,0.47,0,NO_WARNING,MODERATE,2026-10-03T06:29:05.832081+00:00
AIZ_GRID_025_23.635_92.723611,2026-10-02,23.635,92.723611,835.0,38.7872200012207,10.403031349182127,10.403031349182127,3,0,0.6477205355869804,64.77205355869803,0.47,1,WARNING,HIGH,2026-10-03T06:29:05.832081+00:00
AIZ_GRID_006_23.432778_92.761111,2026-10-02,23.432778,92.761111,1513.0,19.981767654418945,10.96241569519043,10.96241569519043,3,0,0.18659241462319165,18.659241462319166,0.47,0,NO_WARNING,LOW,2026-10-03T06:29:05.832081+00:00
AIZ_GRID_009_23.467778_92.741111,2026-10-02,23.467778,92.741111,1337.0,49.54093170166016,10.96241569519043,10.96241569519043,3,0,0.7625854749248971,76.25854749248971,0.47,1,WARNING,CRITICAL,2026-10-03T06:29:05.832081+00:00
AIZ_GRID_009_23.468056_92.716389,2026-10-02,23.468056,92.716389,1123.0,32.27671813964844,10.96241569519043,10.96241569519043,3,0,0.6266301717374214,62.66301717374214,0.47,1,WARNING,HIGH,2026-10-03T06:29:05.832081+00:00
AIZ_GRID_009_23.4725_92.714444,2026-10-02,23.4725,92.714444,1072.0,21.8457145690918,10.96241569519043,10.96241569519043,3,0,0.11432723316970919,11.43272331697092,0.47,0,NO_WARNING,LOW,2026-10-03T06:29:05.832081+00:00
AIZ_GRID_009_23.49_92.705556,2026-10-02,23.49,92.705556,1043.0,38.71343231201172,10.96241569519043,10.96241569519043,3,0,0.6961733719878864,69.61733719878865,0.47,1,WARNING,HIGH,2026-10-03T06:29:05.832081+00:00
AIZ_GRID_009_23.497222_92.703333,2026-10-02,23.497222,92.703333,922.0,28.264209747314453,10.96241569519043,10.96241569519043,3,0,0.211893644197015,21.1893644197015,0.47,0,NO_WARNING,LOW,2026-10-03T06:29:05.832081+00:00
AIZ_GRID_011_23.513611_92.698333,2026-10-02,23.513611,92.698333,806.0,28.70706367492676,10.96241569519043,10.96241569519043,3,0,0.404671953236757,40.467195323675696,0.47,0,NO_WARNING,MODERATE,2026-10-03T06:29:05.832081+00:00
AIZ_GRID_011_23.536667_92.6975,2026-10-02,23.536667,92.6975,854.0,32.6060791015625,10.96241569519043,10.96241569519043,3,0,0.6460703042232498,64.60703042232498,0.47,1,WARNING,HIGH,2026-10-03T06:29:05.832081+00:00
AIZ_GRID_012_23.541667_92.701944,2026-10-02,23.541667,92.701944,870.0,27.95377540588379,10.96241569519043,10.96241569519043,3,0,0.21770371058233184,21.770371058233184,0.47,0,NO_WARNING,LOW,2026-10-03T06:29:05.832081+00:00
AIZ_GRID_012_23.542778_92.703333,2026-10-02,23.542778,92.703333,899.0,30.19009780883789,10.96241569519043,10.96241569519043,3,0,0.5719430473981244,57.19430473981244,0.47,1,WARNING,HIGH,2026-10-03T06:29:05.832081+00:00
AIZ_GRID_012_23.529444_92.729444,2026-10-02,23.529444,92.729444,989.0,25.722314834594727,10.96241569519043,10.96241569519043,3,0,0.09453799846668544,9.453799846668543,0.47,0,NO_WARNING,LOW,2026-10-03T06:29:05.832081+00:00
AIZ_GRID_012_23.530833_92.730556,2026-10-02,23.530833,92.730556,996.0,32.23304748535156,10.96241569519043,10.96241569519043,3,0,0.6696781258102976,66.96781258102976,0.47,1,WARNING,HIGH,2026-10-03T06:29:05.832081+00:00
AIZ_GRID_012_23.531111_92.733611,2026-10-02,23.531111,92.733611,1048.0,26.59383773803711,10.96241569519043,10.96241569519043,3,0,0.12688250145326038,12.688250145326037,0.47,0,NO_WARNING,LOW,2026-10-03T06:29:05.832081+00:00
AIZ_GRID_012_23.530833_92.733333,2026-10-02,23.530833,92.733333,1061.0,25.50950050354004,10.96241569519043,10.96241569519043,3,0,0.12978126704947032,12.978126704947032,0.47,0,NO_WARNING,LOW,2026-10-03T06:29:05.832081+00:00
AIZ_GRID_019_23.563889_92.708056,2026-10-02,23.563889,92.708056,838.0,40.77069854736328,10.96241569519043,10.96241569519043,3,0,0.6890991242450206,68.90991242450207,0.47,1,WARNING,HIGH,2026-10-03T06:29:05.832081+00:00
AIZ_GRID_019_23.564167_92.708056,2026-10-02,23.564167,92.708056,855.0,30.7674617767334,10.96241569519043,10.96241569519043,3,0,0.6213814994201915,62.13814994201915,0.47,1,WARNING,HIGH,2026-10-03T06:29:05.832081+00:00
AIZ_GRID_019_23.565_92.707778,2026-10-02,23.565,92.707778,848.0,29.66044807434082,10.96241569519043,10.96241569519043,3,0,0.5717646010087966,57.17646010087966,0.47,1,WARNING,HIGH,2026-10-03T06:29:05.832081+00:00
AIZ_GRID_019_23.566667_92.708889,2026-10-02,23.566667,92.708889,850.0,19.91641616821289,10.96241569519043,10.96241569519043,3,0,0.281617920041742,28.161792004174202,0.47,0,NO_WARNING,MODERATE,2026-10-03T06:29:05.832081+00:00
AIZ_GRID_049_23.773056_92.743611,2026-10-02,23.773056,92.743611,1000.0,32.821224212646484,10.403031349182127,10.403031349182127,3,0,0.662010448730744,66.2010448730744,0.47,1,WARNING,HIGH,2026-10-03T06:29:05.832081+00:00
AIZ_GRID_050_23.774722_92.761944,2026-10-02,23.774722,92.761944,1118.0,20.5286808013916,10.403031349182127,10.403031349182127,3,0,0.1352109872372962,13.521098723729619,0.47,0,NO_WARNING,LOW,2026-10-03T06:29:05.832081+00:00
AIZ_GRID_050_23.773611_92.761111,2026-10-02,23.773611,92.761111,1122.0,10.189693450927734,10.403031349182127,10.403031349182127,3,0,0.02408639230630456,2.408639230630456,0.47,0,NO_WARNING,LOW,2026-10-03T06:29:05.832081+00:00
AIZ_GRID_041_23.748611_92.738611,2026-10-02,23.748611,92.738611,965.0,24.01010513305664,10.403031349182127,10.403031349182127,3,0,0.07404718361392718,7.404718361392717,0.47,0,NO_WARNING,LOW,2026-10-03T06:29:05.832081+00:00
AIZ_GRID_025_23.61_92.720833,2026-10-02,23.61,92.720833,885.0,29.97786331176757,10.403031349182127,10.403031349182127,3,0,0.548475733130117,54.8475733130117,0.47,1,WARNING,HIGH,2026-10-03T06:29:05.832081+00:00
AIZ_GRID_025_23.606667_92.723056,2026-10-02,23.606667,92.723056,933.0,7.602117538452148,10.403031349182127,10.403031349182127,3,0,0.011511619342255908,1.1511619342255908,0.47,0,NO_WARNING,LOW,2026-10-03T06:29:05.832081+00:00
AIZ_GRID_019_23.5925_92.716667,2026-10-02,23.5925,92.716667,778.0,24.607479095458984,10.96241569519043,10.96241569519043,3,0,0.3164432884419615,31.644328844196153,0.47,0,NO_WARNING,MODERATE,2026-10-03T06:29:05.832081+00:00
AIZ_GRID_019_23.587222_92.713611,2026-10-02,23.587222,92.713611,827.0,28.28663825988769,10.96241569519043,10.96241569519043,3,0,0.2868890273189754,28.688902731897542,0.47,0,NO_WARNING,MODERATE,2026-10-03T06:29:05.832081+00:00
AIZ_GRID_019_23.576944_92.713056,2026-10-02,23.576944,92.713056,906.0,19.28753471374512,10.96241569519043,10.96241569519043,3,0,0.21901765681912416,21.901765681912416,0.47,0,NO_WARNING,LOW,2026-10-03T06:29:05.832081+00:00
AIZ_GRID_019_23.580278_92.715,2026-10-02,23.580278,92.715,919.0,17.647506713867188,10.96241569519043,10.96241569519043,3,0,0.09402297349801617,9.402297349801616,0.47,0,NO_WARNING,LOW,2026-10-03T06:29:05.832081+00:00
AIZ_GRID_019_23.581389_92.714167,2026-10-02,23.581389,92.714167,910.0,27.45517921447754,10.96241569519043,10.96241569519043,3,0,0.20762790142686668,20.76279014268667,0.47,0,NO_WARNING,LOW,2026-10-03T06:29:05.832081+00:00
AIZ_GRID_019_23.586944_92.7175,2026-10-02,23.586944,92.7175,950.0,29.43382835388184,10.96241569519043,10.96241569519043,3,0,0.5302534240273405,53.025342402734054,0.47,1,WARNING,HIGH,2026-10-03T06:29:05.832081+00:00
AIZ_GRID_019_23.585556_92.715833,2026-10-02,23.585556,92.715833,931.0,25.51914405822754,10.96241569519043,10.96241569519043,3,0,0.1511273562263985,15.11273562263985,0.47,0,NO_WARNING,LOW,2026-10-03T06:29:05.832081+00:00
AIZ_GRID_019_23.585833_92.716389,2026-10-02,23.585833,92.716389,957.0,15.89365005493164,10.96241569519043,10.96241569519043,3,0,0.04538903656537577,4.538903656537577,0.47,0,NO_WARNING,LOW,2026-10-03T06:29:05.832081+00:00
AIZ_GRID_019_23.586389_92.715833,2026-10-02,23.586389,92.715833,919.0,18.54336929321289,10.96241569519043,10.96241569519043,3,0,0.08957792239261954,8.957792239261954,0.47,0,NO_WARNING,LOW,2026-10-03T06:29:05.832081+00:00
AIZ_GRID_033_23.653889_92.724444,2026-10-02,23.653889,92.724444,746.0,30.547348022460938,10.403031349182127,10.403031349182127,3,0,0.2262770890237134,22.627708902371342,0.47,0,NO_WARNING,LOW,2026-10-03T06:29:05.832081+00:00
AIZ_GRID_033_23.654167_92.717778,2026-10-02,23.654167,92.717778,893.0,36.9641227722168,10.403031349182127,10.403031349182127,3,0,0.6434308757102277,64.34308757102278,0.47,1,WARNING,HIGH,2026-10-03T06:29:05.832081+00:00
AIZ_GRID_033_23.655_92.714444,2026-10-02,23.655,92.714444,888.0,22.506441116333008,10.403031349182127,10.403031349182127,3,0,0.1881336164224307,18.81336164224307,0.47,0,NO_WARNING,LOW,2026-10-03T06:29:05.832081+00:00
AIZ_GRID_032_23.654167_92.69,2026-10-02,23.654167,92.69,871.0,23.85238265991211,10.403031349182127,10.403031349182127,3,0,0.19159684415964665,19.159684415964666,0.47,0,NO_WARNING,LOW,2026-10-03T06:29:05.832081+00:00
AIZ_GRID_032_23.660556_92.672778,2026-10-02,23.660556,92.672778,1033.0,19.149185180664062,10.403031349182127,10.403031349182127,3,0,0.15839061387162973,15.839061387162973,0.47,0,NO_WARNING,LOW,2026-10-03T06:29:05.832081+00:00
AIZ_GRID_032_23.660833_92.672778,2026-10-02,23.660833,92.672778,1034.0,12.26225471496582,10.403031349182127,10.403031349182127,3,0,0.07272980309091495,7.272980309091495,0.47,0,NO_WARNING,LOW,2026-10-03T06:29:05.832081+00:00
AIZ_GRID_032_23.657778_92.674444,2026-10-02,23.657778,92.674444,962.0,10.850753784179688,10.403031349182127,10.403031349182127,3,0,0.02223129765573459,2.223129765573459,0.47,0,NO_WARNING,LOW,2026-10-03T06:29:05.832081+00:00
AIZ_GRID_033_23.658611_92.705833,2026-10-02,23.658611,92.705833,878.0,13.473954200744627,10.403031349182127,10.403031349182127,3,0,0.06706380936454245,6.706380936454245,0.47,0,NO_WARNING,LOW,2026-10-03T06:29:05.832081+00:00
AIZ_GRID_033_23.681436_92.721442,2026-10-02,23.681436,92.721442,1017.0,29.33857727050781,10.403031349182127,10.403031349182127,3,0,0.5249165987043884,52.491659870438845,0.47,1,WARNING,HIGH,2026-10-03T06:29:05.832081+00:00
AIZ_GRID_042_23.735556_92.788333,2026-10-02,23.735556,92.788333,523.0,21.32184410095215,10.403031349182127,10.403031349182127,3,0,0.08364566541956493,8.364566541956494,0.47,0,NO_WARNING,LOW,2026-10-03T06:29:05.832081+00:00
AIZ_GRID_042_23.726944_92.795278,2026-10-02,23.726944,92.795278,265.0,17.090373992919922,10.403031349182127,10.403031349182127,3,0,0.08731091189952224,8.731091189952224,0.47,0,NO_WARNING,LOW,2026-10-03T06:29:05.832081+00:00
AIZ_GRID_042_23.732778_92.797222,2026-10-02,23.732778,92.797222,261.0,18.84522247314453,10.403031349182127,10.403031349182127,3,0,0.0654238589500539,6.54238589500539,0.47,0,NO_WARNING,LOW,2026-10-03T06:29:05.832081+00:00
AIZ_GRID_042_23.734167_92.798611,2026-10-02,23.734167,92.798611,293.0,12.792301177978516,10.403031349182127,10.403031349182127,3,0,0.12065106899265414,12.065106899265414,0.47,0,NO_WARNING,LOW,2026-10-03T06:29:05.832081+00:00
AIZ_GRID_042_23.745556_92.794444,2026-10-02,23.745556,92.794444,358.0,37.00834655761719,10.403031349182127,10.403031349182127,3,0,0.05481243096083812,5.481243096083812,0.47,0,NO_WARNING,LOW,2026-10-03T06:29:05.832081+00:00
AIZ_GRID_042_23.736667_92.797222,2026-10-02,23.736667,92.797222,321.0,9.1850004196167,10.403031349182127,10.403031349182127,3,0,0.1181178289570904,11.81178289570904,0.47,0,NO_WARNING,LOW,2026-10-03T06:29:05.832081+00:00
AIZ_GRID_042_23.736389_92.798056,2026-10-02,23.736389,92.798056,339.0,14.958802223205566,10.403031349182127,10.403031349182127,3,0,0.11840831742341093,11.840831742341093,0.47,0,NO_WARNING,LOW,2026-10-03T06:29:05.832081+00:00
AIZ_GRID_042_23.735833_92.798889,2026-10-02,23.735833,92.798889,362.0,35.21625518798828,10.403031349182127,10.403031349182127,3,0,0.055063000436920126,5.506300043692012,0.47,0,NO_WARNING,LOW,2026-10-03T06:29:05.832081+00:00
AIZ_GRID_042_23.736389_92.8,2026-10-02,23.736389,92.8,366.0,33.610679626464844,10.403031349182127,10.403031349182127,3,0,0.05686372845732349,5.686372845732349,0.47,0,NO_WARNING,LOW,2026-10-03T06:29:05.832081+00:00
AIZ_GRID_043_23.735556_92.800278,2026-10-02,23.735556,92.800278,347.0,14.880057334899902,10.403031349182127,10.403031349182127,3,0,0.11640831742341093,11.640831742341092,0.47,0,NO_WARNING,LOW,2026-10-03T06:29:05.832081+00:00
AIZ_GRID_042_23.719722_92.797778,2026-10-02,23.719722,92.797778,220.0,23.86218643188477,10.403031349182127,10.403031349182127,3,0,0.08912242432712857,8.912242432712857,0.47,0,NO_WARNING,LOW,2026-10-03T06:29:05.832081+00:00
AIZ_GRID_043_23.722222_92.801389,2026-10-02,23.722222,92.801389,197.0,33.3203125,10.403031349182127,10.403031349182127,3,0,0.13112941601102734,13.112941601102735,0.47,0,NO_WARNING,LOW,2026-10-03T06:29:05.832081+00:00
AIZ_GRID_043_23.733056_92.847778,2026-10-02,23.733056,92.847778,756.0,40.45203399658203,10.403031349182127,10.403031349182127,3,0,0.2266830609461377,22.66830609461377,0.47,0,NO_WARNING,LOW,2026-10-03T06:29:05.832081+00:00
AIZ_GRID_051_23.760833_92.8475,2026-10-02,23.760833,92.8475,780.0,26.522600173950195,10.403031349182127,10.403031349182127,3,0,0.318040653838287,31.8040653838287,0.47,0,NO_WARNING,MODERATE,2026-10-03T06:29:05.832081+00:00
AIZ_GRID_070_23.869722_92.876111,2026-10-02,23.869722,92.876111,977.0,17.17852783203125,14.395249366760254,14.395249366760254,3,0,0.1481727477634117,14.817274776341169,0.47,0,NO_WARNING,LOW,2026-10-03T06:29:05.832081+00:00
AIZ_GRID_059_23.807506_92.834172,2026-10-02,23.807506,92.834172,530.0,24.405174255371094,10.403031349182127,10.403031349182127,3,0,0.015437738922338042,1.5437738922338042,0.47,0,NO_WARNING,LOW,2026-10-03T06:29:05.832081+00:00
AIZ_GRID_041_23.723278_92.702222,2026-10-02,23.723278,92.702222,912.0,34.640350341796875,10.403031349182127,10.403031349182127,3,0,0.6526807378819691,65.26807378819692,0.47,1,WARNING,HIGH,2026-10-03T06:29:05.832081+00:00
AIZ_GRID_033_23.655306_92.7025,2026-10-02,23.655306,92.7025,907.0,28.334793090820312,10.403031349182127,10.403031349182127,3,0,0.33774415356624377,33.774415356624374,0.47,0,NO_WARNING,MODERATE,2026-10-03T06:29:05.832081+00:00
AIZ_GRID_041_23.708278_92.717111,2026-10-02,23.708278,92.717111,1014.0,25.04520797729492,10.403031349182127,10.403031349182127,3,0,0.13338521082882845,13.338521082882846,0.47,0,NO_WARNING,LOW,2026-10-03T06:29:05.832081+00:00
AIZ_GRID_057_23.829501_92.736459,2026-10-02,23.829501,92.736459,1291.0,33.342323303222656,10.403031349182127,10.403031349182127,3,0,0.6666516530935354,66.66516530935354,0.47,1,WARNING,HIGH,2026-10-03T06:29:05.832081+00:00
AIZ_GRID_057_23.828321_92.73701,2026-10-02,23.828321,92.73701,1270.0,39.01408386230469,10.403031349182127,10.403031349182127,3,0,0.6873697626774719,68.73697626774718,0.47,1,WARNING,HIGH,2026-10-03T06:29:05.832081+00:00
AIZ_GRID_019_23.599444_92.720194,2026-10-02,23.599444,92.720194,766.0,30.603565216064453,10.96241569519043,10.96241569519043,3,0,0.4075413126110242,40.75413126110242,0.47,0,NO_WARNING,MODERATE,2026-10-03T06:29:05.832081+00:00
AIZ_GRID_012_23.519806_92.700667,2026-10-02,23.519806,92.700667,788.0,33.6378288269043,10.96241569519043,10.96241569519043,3,0,0.5169996869776834,51.69996869776834,0.47,1,WARNING,HIGH,2026-10-03T06:29:05.832081+00:00
AIZ_GRID_117_24.271389_92.96,2026-10-02,24.271389,92.96,775.0,20.5286808013916,20.90788078308105,20.90788078308105,3,0,0.5089853387693088,50.898533876930884,0.47,1,WARNING,HIGH,2026-10-03T06:29:05.832081+00:00
AIZ_GRID_111_24.182528_92.949917,2026-10-02,24.182528,92.949917,450.0,17.289247512817383,20.90788078308105,20.90788078308105,3,0,0.18618677244032467,18.618677244032465,0.47,0,NO_WARNING,LOW,2026-10-03T06:29:05.832081+00:00
AIZ_GRID_070_23.866389_92.881389,2026-10-02,23.866389,92.881389,944.0,30.37324523925781,14.395249366760254,14.395249366760254,3,0,0.5690552776903826,56.90552776903826,0.47,1,WARNING,HIGH,2026-10-03T06:29:05.832081+00:00
AIZ_GRID_019_23.571667_92.710833,2026-10-02,23.571667,92.710833,865.0,20.948665618896484,10.96241569519043,10.96241569519043,3,0,0.2650950575137172,26.50950575137172,0.47,0,NO_WARNING,MODERATE,2026-10-03T06:29:05.832081+00:00
AIZ_GRID_019_23.583889_92.717222,2026-10-02,23.583889,92.717222,972.0,12.113170623779297,10.96241569519043,10.96241569519043,3,0,0.04469464826787093,4.469464826787093,0.47,0,NO_WARNING,LOW,2026-10-03T06:29:05.832081+00:00
AIZ_GRID_019_23.585917_92.717778,2026-10-02,23.585917,92.717778,958.0,10.6621675491333,10.96241569519043,10.96241569519043,3,0,0.025166617991401546,2.5166617991401545,0.47,0,NO_WARNING,LOW,2026-10-03T06:29:05.832081+00:00
AIZ_GRID_019_23.559444_92.708333,2026-10-02,23.559444,92.708333,786.0,15.769800186157228,10.96241569519043,10.96241569519043,3,0,0.26023214708138526,26.023214708138525,0.47,0,NO_WARNING,MODERATE,2026-10-03T06:29:05.832081+00:00
AIZ_GRID_012_23.543806_92.701361,2026-10-02,23.543806,92.701361,784.0,17.675397872924805,10.96241569519043,10.96241569519043,3,0,0.2445702040820928,24.457020408209278,0.47,0,NO_WARNING,LOW,2026-10-03T06:29:05.832081+00:00
AIZ_GRID_012_23.540278_92.701389,2026-10-02,23.540278,92.701389,875.0,26.749317169189453,10.96241569519043,10.96241569519043,3,0,0.22676607844157798,22.676607844157797,0.47,0,NO_WARNING,LOW,2026-10-03T06:29:05.832081+00:00
AIZ_GRID_012_23.539861_92.700639,2026-10-02,23.539861,92.700639,856.0,23.523117065429688,10.96241569519043,10.96241569519043,3,0,0.19001303478136378,19.00130347813638,0.47,0,NO_WARNING,LOW,2026-10-03T06:29:05.832081+00:00
AIZ_GRID_011_23.535_92.696944,2026-10-02,23.535,92.696944,827.0,46.80855178833008,10.96241569519043,10.96241569519043,3,0,0.7542271831835696,75.42271831835696,0.47,1,WARNING,CRITICAL,2026-10-03T06:29:05.832081+00:00
AIZ_GRID_011_23.533333_92.697222,2026-10-02,23.533333,92.697222,825.0,39.73119354248047,10.96241569519043,10.96241569519043,3,0,0.6501739402006964,65.01739402006964,0.47,1,WARNING,HIGH,2026-10-03T06:29:05.832081+00:00
AIZ_GRID_011_23.529722_92.696111,2026-10-02,23.529722,92.696111,813.0,37.58553314208984,10.96241569519043,10.96241569519043,3,0,0.623281121074807,62.328112107480706,0.47,1,WARNING,HIGH,2026-10-03T06:29:05.832081+00:00
AIZ_GRID_009_23.499917_92.701361,2026-10-02,23.499917,92.701361,896.0,20.1423397064209,10.96241569519043,10.96241569519043,3,0,0.26879939444372397,26.879939444372397,0.47,0,NO_WARNING,MODERATE,2026-10-03T06:29:05.832081+00:00
AIZ_GRID_012_23.5_92.701111,2026-10-02,23.5,92.701111,883.0,26.815889358520508,10.96241569519043,10.96241569519043,3,0,0.22815388716890259,22.815388716890258,0.47,0,NO_WARNING,LOW,2026-10-03T06:29:05.832081+00:00
AIZ_GRID_048_23.781389_92.676389,2026-10-02,23.781389,92.676389,447.0,30.97755241394043,10.403031349182127,10.403031349182127,3,0,0.10834775818651327,10.834775818651327,0.47,0,NO_WARNING,LOW,2026-10-03T06:29:05.832081+00:00
AIZ_GRID_028_23.634722_92.855,2026-10-02,23.634722,92.855,1049.0,19.414628982543945,10.96241569519043,10.96241569519043,3,0,0.17672444822372335,17.672444822372334,0.47,0,NO_WARNING,LOW,2026-10-03T06:29:05.832081+00:00
AIZ_GRID_028_23.608611_92.850556,2026-10-02,23.608611,92.850556,1132.0,19.981767654418945,10.96241569519043,10.96241569519043,3,0,0.12289689666580354,12.289689666580355,0.47,0,NO_WARNING,LOW,2026-10-03T06:29:05.832081+00:00
AIZ_GRID_041_23.733056_92.75,2026-10-02,23.733056,92.75,967.0,33.75522232055664,10.403031349182127,10.403031349182127,3,0,0.629800610543453,62.980061054345306,0.47,1,WARNING,HIGH,2026-10-03T06:29:05.832081+00:00
AIZ_GRID_041_23.732222_92.75,2026-10-02,23.732222,92.75,929.0,35.276466369628906,10.403031349182127,10.403031349182127,3,0,0.6223924487247426,62.239244872474266,0.47,1,WARNING,HIGH,2026-10-03T06:29:05.832081+00:00
AIZ_GRID_041_23.731944_92.75,2026-10-02,23.731944,92.75,931.0,39.39154052734375,10.403031349182127,10.403031349182127,3,0,0.6553943622545222,65.53943622545222,0.47,1,WARNING,HIGH,2026-10-03T06:29:05.832081+00:00
AIZ_GRID_041_23.740833_92.741111,2026-10-02,23.740833,92.741111,950.0,30.864177703857425,10.403031349182127,10.403031349182127,3,0,0.6303668433817621,63.03668433817621,0.47,1,WARNING,HIGH,2026-10-03T06:29:05.832081+00:00
AIZ_GRID_041_23.749167_92.7375,2026-10-02,23.749167,92.7375,1027.0,29.58232879638672,10.403031349182127,10.403031349182127,3,0,0.5327808612702816,53.27808612702816,0.47,1,WARNING,HIGH,2026-10-03T06:29:05.832081+00:00
AIZ_GRID_049_23.769722_92.744722,2026-10-02,23.769722,92.744722,1170.0,29.93304443359375,10.403031349182127,10.403031349182127,3,0,0.48171438119915405,48.17143811991541,0.47,1,WARNING,HIGH,2026-10-03T06:29:05.832081+00:00
AIZ_GRID_049_23.763889_92.733889,2026-10-02,23.763889,92.733889,1189.0,44.719764709472656,10.403031349182127,10.403031349182127,3,0,0.7413876586066913,74.13876586066912,0.47,1,WARNING,HIGH,2026-10-03T06:29:05.832081+00:00
AIZ_GRID_049_23.760556_92.731944,2026-10-02,23.760556,92.731944,1131.0,34.0235710144043,10.403031349182127,10.403031349182127,3,0,0.6366427773521671,63.664277735216714,0.47,1,WARNING,HIGH,2026-10-03T06:29:05.832081+00:00
AIZ_GRID_041_23.715833_92.72,2026-10-02,23.715833,92.72,1041.0,16.08530616760254,10.403031349182127,10.403031349182127,3,0,0.0826229426891482,8.26229426891482,0.47,0,NO_WARNING,LOW,2026-10-03T06:29:05.832081+00:00
AIZ_GRID_041_23.738889_92.714722,2026-10-02,23.738889,92.714722,1091.0,38.11953353881836,10.403031349182127,10.403031349182127,3,0,0.6618509707004673,66.18509707004672,0.47,1,WARNING,HIGH,2026-10-03T06:29:05.832081+00:00
AIZ_GRID_041_23.736944_92.715,2026-10-02,23.736944,92.715,1096.0,39.189720153808594,10.403031349182127,10.403031349182127,3,0,0.6516182524373738,65.16182524373738,0.47,1,WARNING,HIGH,2026-10-03T06:29:05.832081+00:00
AIZ_GRID_040_23.749167_92.694167,2026-10-02,23.749167,92.694167,816.0,27.463850021362305,10.403031349182127,10.403031349182127,3,0,0.2794900049105049,27.94900049105049,0.47,0,NO_WARNING,MODERATE,2026-10-03T06:29:05.832081+00:00
AIZ_GRID_041_23.741944_92.713056,2026-10-02,23.741944,92.713056,920.0,24.52652359008789,10.403031349182127,10.403031349182127,3,0,0.18075205041334294,18.075205041334293,0.47,0,NO_WARNING,LOW,2026-10-03T06:29:05.832081+00:00
AIZ_GRID_041_23.743889_92.712222,2026-10-02,23.743889,92.712222,820.0,29.562744140625,10.403031349182127,10.403031349182127,3,0,0.5593578312840074,55.93578312840074,0.47,1,WARNING,HIGH,2026-10-03T06:29:05.832081+00:00
AIZ_GRID_041_23.747222_92.718056,2026-10-02,23.747222,92.718056,951.0,36.59699249267578,10.403031349182127,10.403031349182127,3,0,0.6412725459775153,64.12725459775153,0.47,1,WARNING,HIGH,2026-10-03T06:29:05.832081+00:00
AIZ_GRID_033_23.692778_92.720556,2026-10-02,23.692778,92.720556,989.0,23.36318588256836,10.403031349182127,10.403031349182127,3,0,0.07768956278237897,7.768956278237897,0.47,0,NO_WARNING,LOW,2026-10-03T06:29:05.832081+00:00
AIZ_GRID_033_23.697778_92.719444,2026-10-02,23.697778,92.719444,1007.0,38.66463851928711,10.403031349182127,10.403031349182127,3,0,0.6891723605729166,68.91723605729166,0.47,1,WARNING,HIGH,2026-10-03T06:29:05.832081+00:00
AIZ_GRID_033_23.699722_92.7175,2026-10-02,23.699722,92.7175,1021.0,42.90288162231445,10.403031349182127,10.403031349182127,3,0,0.777031077589928,77.7031077589928,0.47,1,WARNING,CRITICAL,2026-10-03T06:29:05.832081+00:00
AIZ_GRID_041_23.709722_92.722222,2026-10-02,23.709722,92.722222,930.0,46.35157775878906,10.403031349182127,10.403031349182127,3,0,0.7580129080999307,75.80129080999308,0.47,1,WARNING,CRITICAL,2026-10-03T06:29:05.832081+00:00
AIZ_GRID_033_23.699444_92.719722,2026-10-02,23.699444,92.719722,1073.0,18.351364135742188,10.403031349182127,10.403031349182127,3,0,0.08242959092361161,8.242959092361161,0.47,0,NO_WARNING,LOW,2026-10-03T06:29:05.832081+00:00
AIZ_GRID_033_23.689167_92.720556,2026-10-02,23.689167,92.720556,1032.0,24.37499237060547,10.403031349182127,10.403031349182127,3,0,0.13088423490169768,13.088423490169768,0.47,0,NO_WARNING,LOW,2026-10-03T06:29:05.832081+00:00
AIZ_GRID_041_23.702778_92.720833,2026-10-02,23.702778,92.720833,872.0,31.38419532775879,10.403031349182127,10.403031349182127,3,0,0.6339009966735025,63.390099667350256,0.47,1,WARNING,HIGH,2026-10-03T06:29:05.832081+00:00
AIZ_GRID_041_23.7025_92.721389,2026-10-02,23.7025,92.721389,853.0,36.096439361572266,10.403031349182127,10.403031349182127,3,0,0.6033872049486046,60.33872049486047,0.47,1,WARNING,HIGH,2026-10-03T06:29:05.832081+00:00
AIZ_GRID_033_23.698056_92.722778,2026-10-02,23.698056,92.722778,869.0,32.23304748535156,10.403031349182127,10.403031349182127,3,0,0.6347568659157016,63.47568659157016,0.47,1,WARNING,HIGH,2026-10-03T06:29:05.832081+00:00
AIZ_GRID_033_23.693611_92.7225,2026-10-02,23.693611,92.7225,867.0,34.92423248291016,10.403031349182127,10.403031349182127,3,0,0.6113587089315031,61.13587089315031,0.47,1,WARNING,HIGH,2026-10-03T06:29:05.832081+00:00
AIZ_GRID_033_23.664167_92.720556,2026-10-02,23.664167,92.720556,1064.0,19.5496826171875,10.403031349182127,10.403031349182127,3,0,0.17672098201921727,17.672098201921727,0.47,0,NO_WARNING,LOW,2026-10-03T06:29:05.832081+00:00
AIZ_GRID_033_23.660556_92.725278,2026-10-02,23.660556,92.725278,857.0,26.40682029724121,10.403031349182127,10.403031349182127,3,0,0.21091104993126594,21.091104993126596,0.47,0,NO_WARNING,LOW,2026-10-03T06:29:05.832081+00:00
AIZ_GRID_033_23.66_92.726389,2026-10-02,23.66,92.726389,872.0,29.110328674316406,10.403031349182127,10.403031349182127,3,0,0.5406864441985371,54.068644419853705,0.47,1,WARNING,HIGH,2026-10-03T06:29:05.832081+00:00
AIZ_GRID_033_23.655278_92.726944,2026-10-02,23.655278,92.726944,829.0,18.79589080810547,10.403031349182127,10.403031349182127,3,0,0.153746969295775,15.3746969295775,0.47,0,NO_WARNING,LOW,2026-10-03T06:29:05.832081+00:00
AIZ_GRID_033_23.651389_92.726944,2026-10-02,23.651389,92.726944,787.0,18.351364135742188,10.403031349182127,10.403031349182127,3,0,0.24683334779442742,24.683334779442742,0.47,0,NO_WARNING,LOW,2026-10-03T06:29:05.832081+00:00
AIZ_GRID_025_23.645556_92.724444,2026-10-02,23.645556,92.724444,807.0,31.02042388916016,10.403031349182127,10.403031349182127,3,0,0.5732739227752413,57.327392277524126,0.47,1,WARNING,HIGH,2026-10-03T06:29:05.832081+00:00
AIZ_GRID_025_23.644444_92.725278,2026-10-02,23.644444,92.725278,826.0,20.1423397064209,10.403031349182127,10.403031349182127,3,0,0.3237077034005473,32.370770340054726,0.47,0,NO_WARNING,MODERATE,2026-10-03T06:29:05.832081+00:00
AIZ_GRID_025_23.641667_92.724167,2026-10-02,23.641667,92.724167,811.0,23.095861434936523,10.403031349182127,10.403031349182127,3,0,0.23401613957468306,23.401613957468307,0.47,0,NO_WARNING,LOW,2026-10-03T06:29:05.832081+00:00
AIZ_GRID_025_23.640833_92.724722,2026-10-02,23.640833,92.724722,842.0,26.116567611694336,10.403031349182127,10.403031349182127,3,0,0.2594505171259171,25.94505171259171,0.47,0,NO_WARNING,MODERATE,2026-10-03T06:29:05.832081+00:00
AIZ_GRID_025_23.6375_92.722778,2026-10-02,23.6375,92.722778,826.0,34.640350341796875,10.403031349182127,10.403031349182127,3,0,0.6317556633362972,63.17556633362972,0.47,1,WARNING,HIGH,2026-10-03T06:29:05.832081+00:00
AIZ_GRID_025_23.626111_92.726389,2026-10-02,23.626111,92.726389,780.0,32.59394836425781,10.403031349182127,10.403031349182127,3,0,0.4981129298665202,49.81129298665202,0.47,1,WARNING,HIGH,2026-10-03T06:29:05.832081+00:00
AIZ_GRID_025_23.6325_92.723889,2026-10-02,23.6325,92.723889,798.0,33.97532272338867,10.403031349182127,10.403031349182127,3,0,0.5618760547661898,56.187605476618984,0.47,1,WARNING,HIGH,2026-10-03T06:29:05.832081+00:00
AIZ_GRID_025_23.629722_92.725556,2026-10-02,23.629722,92.725556,794.0,23.18412399291992,10.403031349182127,10.403031349182127,3,0,0.29650609089159774,29.650609089159772,0.47,0,NO_WARNING,MODERATE,2026-10-03T06:29:05.832081+00:00
AIZ_GRID_025_23.616111_92.717222,2026-10-02,23.616111,92.717222,904.0,17.45937156677246,10.403031349182127,10.403031349182127,3,0,0.0827735110233376,8.27735110233376,0.47,0,NO_WARNING,LOW,2026-10-03T06:29:05.832081+00:00
AIZ_GRID_025_23.618611_92.726111,2026-10-02,23.618611,92.726111,807.0,24.19359397888184,10.403031349182127,10.403031349182127,3,0,0.22690530428949268,22.69053042894927,0.47,0,NO_WARNING,LOW,2026-10-03T06:29:05.832081+00:00
AIZ_GRID_025_23.605556_92.725,2026-10-02,23.605556,92.725,894.0,25.476280212402344,10.403031349182127,10.403031349182127,3,0,0.2083851216762567,20.83851216762567,0.47,0,NO_WARNING,LOW,2026-10-03T06:29:05.832081+00:00
AIZ_GRID_020_23.586944_92.8175,2026-10-02,23.586944,92.8175,623.0,19.414628982543945,10.96241569519043,10.96241569519043,3,0,0.033556568671560205,3.3556568671560205,0.47,0,NO_WARNING,LOW,2026-10-03T06:29:05.832081+00:00
AIZ_GRID_019_23.591944_92.750556,2026-10-02,23.591944,92.750556,693.0,18.351364135742188,10.96241569519043,10.96241569519043,3,0,0.05204413628487872,5.204413628487872,0.47,0,NO_WARNING,LOW,2026-10-03T06:29:05.832081+00:00
AIZ_GRID_020_23.595_92.816111,2026-10-02,23.595,92.816111,590.0,35.0204963684082,10.96241569519043,10.96241569519043,3,0,0.07485170088375032,7.485170088375032,0.47,0,NO_WARNING,LOW,2026-10-03T06:29:05.832081+00:00
AIZ_GRID_027_23.608611_92.809722,2026-10-02,23.608611,92.809722,489.0,33.55191421508789,10.96241569519043,10.96241569519043,3,0,0.02859738559132725,2.859738559132725,0.47,0,NO_WARNING,LOW,2026-10-03T06:29:05.832081+00:00
AIZ_GRID_027_23.609722_92.809167,2026-10-02,23.609722,92.809167,528.0,29.707422256469727,10.96241569519043,10.96241569519043,3,0,0.03321189347261888,3.321189347261888,0.47,0,NO_WARNING,LOW,2026-10-03T06:29:05.832081+00:00
AIZ_GRID_027_23.613611_92.807778,2026-10-02,23.613611,92.807778,541.0,19.768285751342773,10.96241569519043,10.96241569519043,3,0,0.03354699979650896,3.3546999796508956,0.47,0,NO_WARNING,LOW,2026-10-03T06:29:05.832081+00:00
AIZ_GRID_027_23.612222_92.805278,2026-10-02,23.612222,92.805278,442.0,29.87653160095215,10.96241569519043,10.96241569519043,3,0,0.026812878855809102,2.68128788558091,0.47,0,NO_WARNING,LOW,2026-10-03T06:29:05.832081+00:00
AIZ_GRID_027_23.611389_92.803333,2026-10-02,23.611389,92.803333,461.0,40.75917053222656,10.96241569519043,10.96241569519043,3,0,0.10466761783754291,10.466761783754292,0.47,0,NO_WARNING,LOW,2026-10-03T06:29:05.832081+00:00
AIZ_GRID_026_23.616111_92.797778,2026-10-02,23.616111,92.797778,407.0,28.669931411743164,10.96241569519043,10.96241569519043,3,0,0.023093605002136135,2.3093605002136135,0.47,0,NO_WARNING,LOW,2026-10-03T06:29:05.832081+00:00
AIZ_GRID_026_23.614722_92.795833,2026-10-02,23.614722,92.795833,382.0,38.54449462890625,10.96241569519043,10.96241569519043,3,0,0.05102767762510391,5.102767762510391,0.47,0,NO_WARNING,LOW,2026-10-03T06:29:05.832081+00:00
AIZ_GRID_026_23.618611_92.79,2026-10-02,23.618611,92.79,321.0,2.9555916786193848,10.96241569519043,10.96241569519043,3,0,0.11651699735625878,11.65169973562588,0.47,0,NO_WARNING,LOW,2026-10-03T06:29:05.832081+00:00
AIZ_GRID_026_23.623333_92.788889,2026-10-02,23.623333,92.788889,213.0,39.47304534912109,10.96241569519043,10.96241569519043,3,0,0.11490676448813171,11.49067644881317,0.47,0,NO_WARNING,LOW,2026-10-03T06:29:05.832081+00:00
AIZ_GRID_026_23.623611_92.788889,2026-10-02,23.623611,92.788889,221.0,41.08526992797852,10.96241569519043,10.96241569519043,3,0,0.18033210838282066,18.033210838282066,0.47,0,NO_WARNING,LOW,2026-10-03T06:29:05.832081+00:00
AIZ_GRID_026_23.625278_92.786389,2026-10-02,23.625278,92.786389,189.0,12.226375579833984,10.96241569519043,10.96241569519043,3,0,0.18265724540475708,18.26572454047571,0.47,0,NO_WARNING,LOW,2026-10-03T06:29:05.832081+00:00
AIZ_GRID_026_23.601111_92.758889,2026-10-02,23.601111,92.758889,575.0,24.1611557006836,10.96241569519043,10.96241569519043,3,0,0.0434499958172361,4.34499958172361,0.47,0,NO_WARNING,LOW,2026-10-03T06:29:05.832081+00:00
AIZ_GRID_019_23.595278_92.717222,2026-10-02,23.595278,92.717222,732.0,17.710098266601562,10.96241569519043,10.96241569519043,3,0,0.1704152369874978,17.04152369874978,0.47,0,NO_WARNING,LOW,2026-10-03T06:29:05.832081+00:00
AIZ_GRID_019_23.590556_92.716111,2026-10-02,23.590556,92.716111,770.0,21.52736473083496,10.96241569519043,10.96241569519043,3,0,0.4046067610001712,40.46067610001712,0.47,0,NO_WARNING,MODERATE,2026-10-03T06:29:05.832081+00:00
AIZ_GRID_019_23.590278_92.715833,2026-10-02,23.590278,92.715833,782.0,20.421350479125977,10.96241569519043,10.96241569519043,3,0,0.39316689415786915,39.31668941578692,0.47,0,NO_WARNING,MODERATE,2026-10-03T06:29:05.832081+00:00
AIZ_GRID_019_23.586389_92.713889,2026-10-02,23.586389,92.713889,823.0,36.12057876586914,10.96241569519043,10.96241569519043,3,0,0.6032745468786331,60.327454687863316,0.47,1,WARNING,HIGH,2026-10-03T06:29:05.832081+00:00
AIZ_GRID_019_23.583889_92.711667,2026-10-02,23.583889,92.711667,816.0,13.693663597106934,10.96241569519043,10.96241569519043,3,0,0.13612732838559716,13.612732838559715,0.47,0,NO_WARNING,LOW,2026-10-03T06:29:05.832081+00:00
AIZ_GRID_019_23.571389_92.709722,2026-10-02,23.571389,92.709722,860.0,27.484453201293945,10.96241569519043,10.96241569519043,3,0,0.21088671436340803,21.088671436340803,0.47,0,NO_WARNING,LOW,2026-10-03T06:29:05.832081+00:00
AIZ_GRID_019_23.570556_92.708889,2026-10-02,23.570556,92.708889,889.0,21.697189331054688,10.96241569519043,10.96241569519043,3,0,0.25774304622998606,25.774304622998606,0.47,0,NO_WARNING,MODERATE,2026-10-03T06:29:05.832081+00:00
AIZ_GRID_019_23.570278_92.707222,2026-10-02,23.570278,92.707222,856.0,25.835494995117188,10.96241569519043,10.96241569519043,3,0,0.20897789540998804,20.897789540998804,0.47,0,NO_WARNING,LOW,2026-10-03T06:29:05.832081+00:00
AIZ_GRID_019_23.553889_92.704722,2026-10-02,23.553889,92.704722,825.0,11.157310485839844,10.96241569519043,10.96241569519043,3,0,0.12072170112555555,12.072170112555556,0.47,0,NO_WARNING,LOW,2026-10-03T06:29:05.832081+00:00
AIZ_GRID_019_23.554444_92.705278,2026-10-02,23.554444,92.705278,821.0,9.732787132263184,10.96241569519043,10.96241569519043,3,0,0.11100198594445988,11.100198594445988,0.47,0,NO_WARNING,LOW,2026-10-03T06:29:05.832081+00:00
AIZ_GRID_019_23.5625_92.707778,2026-10-02,23.5625,92.707778,819.0,17.675397872924805,10.96241569519043,10.96241569519043,3,0,0.1400589147310501,14.00589147310501,0.47,0,NO_WARNING,LOW,2026-10-03T06:29:05.832081+00:00
AIZ_GRID_019_23.565556_92.7075,2026-10-02,23.565556,92.7075,832.0,34.170413970947266,10.96241569519043,10.96241569519043,3,0,0.6426334512281018,64.26334512281018,0.47,1,WARNING,HIGH,2026-10-03T06:29:05.832081+00:00
AIZ_GRID_019_23.55_92.704444,2026-10-02,23.55,92.704444,832.0,33.73912811279297,10.96241569519043,10.96241569519043,3,0,0.6379679399629372,63.79679399629372,0.47,1,WARNING,HIGH,2026-10-03T06:29:05.832081+00:00
AIZ_GRID_012_23.532222_92.735,2026-10-02,23.532222,92.735,990.0,14.769588470458984,10.96241569519043,10.96241569519043,3,0,0.05114411376848748,5.114411376848748,0.47,0,NO_WARNING,LOW,2026-10-03T06:29:05.832081+00:00
AIZ_GRID_012_23.535556_92.723333,2026-10-02,23.535556,92.723333,914.0,8.517380714416504,10.96241569519043,10.96241569519043,3,0,0.02563635447380859,2.563635447380859,0.47,0,NO_WARNING,LOW,2026-10-03T06:29:05.832081+00:00
AIZ_GRID_012_23.538056_92.718611,2026-10-02,23.538056,92.718611,884.0,12.012615203857422,10.96241569519043,10.96241569519043,3,0,0.07472210836924235,7.472210836924235,0.47,0,NO_WARNING,LOW,2026-10-03T06:29:05.832081+00:00
AIZ_GRID_012_23.548333_92.710833,2026-10-02,23.548333,92.710833,937.0,13.521445274353027,10.96241569519043,10.96241569519043,3,0,0.03267979690356861,3.2679796903568614,0.47,0,NO_WARNING,LOW,2026-10-03T06:29:05.832081+00:00
AIZ_GRID_012_23.548889_92.705556,2026-10-02,23.548889,92.705556,919.0,29.59077835083008,10.96241569519043,10.96241569519043,3,0,0.5709437476923935,57.09437476923935,0.47,1,WARNING,HIGH,2026-10-03T06:29:05.832081+00:00
AIZ_GRID_012_23.545_92.703333,2026-10-02,23.545,92.703333,863.0,28.738073348999023,10.96241569519043,10.96241569519043,3,0,0.39961623666163704,39.9616236661637,0.47,0,NO_WARNING,MODERATE,2026-10-03T06:29:05.832081+00:00
AIZ_GRID_011_23.536944_92.6975,2026-10-02,23.536944,92.6975,834.0,27.686426162719727,10.96241569519043,10.96241569519043,3,0,0.2823416088721068,28.23416088721068,0.47,0,NO_WARNING,MODERATE,2026-10-03T06:29:05.832081+00:00
AIZ_GRID_011_23.536111_92.697778,2026-10-02,23.536111,92.697778,891.0,36.53855514526367,10.96241569519043,10.96241569519043,3,0,0.6421632324541144,64.21632324541144,0.47,1,WARNING,HIGH,2026-10-03T06:29:05.832081+00:00
AIZ_GRID_011_23.535556_92.696944,2026-10-02,23.535556,92.696944,871.0,25.01380729675293,10.96241569519043,10.96241569519043,3,0,0.1985990099740357,19.85990099740357,0.47,0,NO_WARNING,LOW,2026-10-03T06:29:05.832081+00:00
AIZ_GRID_011_23.530278_92.696667,2026-10-02,23.530278,92.696667,852.0,42.04297256469727,10.96241569519043,10.96241569519043,3,0,0.7449698337371153,74.49698337371153,0.47,1,WARNING,HIGH,2026-10-03T06:29:05.832081+00:00
AIZ_GRID_011_23.528611_92.6975,2026-10-02,23.528611,92.6975,857.0,34.13237762451172,10.96241569519043,10.96241569519043,3,0,0.6381462891122116,63.81462891122116,0.47,1,WARNING,HIGH,2026-10-03T06:29:05.832081+00:00
AIZ_GRID_011_23.527778_92.698611,2026-10-02,23.527778,92.698611,820.0,23.665401458740234,10.96241569519043,10.96241569519043,3,0,0.24891418605602286,24.891418605602286,0.47,0,NO_WARNING,LOW,2026-10-03T06:29:05.832081+00:00
AIZ_GRID_012_23.522778_92.702778,2026-10-02,23.522778,92.702778,807.0,24.79594039916992,10.96241569519043,10.96241569519043,3,0,0.23097214976821476,23.097214976821476,0.47,0,NO_WARNING,LOW,2026-10-03T06:29:05.832081+00:00
AIZ_GRID_012_23.519444_92.700556,2026-10-02,23.519444,92.700556,805.0,25.67679786682129,10.96241569519043,10.96241569519043,3,0,0.22863896142349643,22.863896142349642,0.47,0,NO_WARNING,LOW,2026-10-03T06:29:05.832081+00:00
AIZ_GRID_011_23.514444_92.698056,2026-10-02,23.514444,92.698056,826.0,15.696943283081056,10.96241569519043,10.96241569519043,3,0,0.1464312791606361,14.64312791606361,0.47,0,NO_WARNING,LOW,2026-10-03T06:29:05.832081+00:00
AIZ_GRID_011_23.510556_92.699722,2026-10-02,23.510556,92.699722,825.0,34.256961822509766,10.96241569519043,10.96241569519043,3,0,0.6406334512281018,64.06334512281018,0.47,1,WARNING,HIGH,2026-10-03T06:29:05.832081+00:00
AIZ_GRID_011_23.508611_92.698056,2026-10-02,23.508611,92.698056,840.0,25.545066833496094,10.96241569519043,10.96241569519043,3,0,0.26123459645872377,26.123459645872376,0.47,0,NO_WARNING,MODERATE,2026-10-03T06:29:05.832081+00:00
AIZ_GRID_011_23.506944_92.696389,2026-10-02,23.506944,92.696389,847.0,26.36637687683105,10.96241569519043,10.96241569519043,3,0,0.24132700462760465,24.132700462760464,0.47,0,NO_WARNING,LOW,2026-10-03T06:29:05.832081+00:00
AIZ_GRID_011_23.505278_92.6975,2026-10-02,23.505278,92.6975,854.0,24.19708824157715,10.96241569519043,10.96241569519043,3,0,0.22196392691960518,22.19639269196052,0.47,0,NO_WARNING,LOW,2026-10-03T06:29:05.832081+00:00
AIZ_GRID_019_23.550278_92.704444,2026-10-02,23.550278,92.704444,826.0,30.67173194885254,10.96241569519043,10.96241569519043,3,0,0.623203150270917,62.3203150270917,0.47,1,WARNING,HIGH,2026-10-03T06:29:05.832081+00:00
AIZ_GRID_012_23.543056_92.700556,2026-10-02,23.543056,92.700556,796.0,28.20966529846192,10.96241569519043,10.96241569519043,3,0,0.2634620502852964,26.34620502852964,0.47,0,NO_WARNING,MODERATE,2026-10-03T06:29:05.832081+00:00
AIZ_GRID_011_23.539722_92.699444,2026-10-02,23.539722,92.699444,811.0,32.35097122192383,10.96241569519043,10.96241569519043,3,0,0.6217285771416092,62.172857714160926,0.47,1,WARNING,HIGH,2026-10-03T06:29:05.832081+00:00
AIZ_GRID_011_23.537778_92.698333,2026-10-02,23.537778,92.698333,821.0,30.976280212402344,10.96241569519043,10.96241569519043,3,0,0.6377015970969409,63.770159709694084,0.47,1,WARNING,HIGH,2026-10-03T06:29:05.832081+00:00
AIZ_GRID_011_23.542778_92.676389,2026-10-02,23.542778,92.676389,660.0,18.54336929321289,10.96241569519043,10.96241569519043,3,0,0.034492754431499156,3.4492754431499155,0.47,0,NO_WARNING,LOW,2026-10-03T06:29:05.832081+00:00
AIZ_GRID_011_23.542778_92.674722,2026-10-02,23.542778,92.674722,635.0,36.6032600402832,10.96241569519043,10.96241569519043,3,0,0.025712274169272516,2.5712274169272518,0.47,0,NO_WARNING,LOW,2026-10-03T06:29:05.832081+00:00
AIZ_GRID_011_23.543333_92.664722,2026-10-02,23.543333,92.664722,676.0,18.69658851623535,10.96241569519043,10.96241569519043,3,0,0.05204413628487872,5.204413628487872,0.47,0,NO_WARNING,LOW,2026-10-03T06:29:05.832081+00:00
AIZ_GRID_011_23.541667_92.664722,2026-10-02,23.541667,92.664722,707.0,17.52849578857422,10.96241569519043,10.96241569519043,3,0,0.21536350297645243,21.536350297645242,0.47,0,NO_WARNING,LOW,2026-10-03T06:29:05.832081+00:00
AIZ_GRID_011_23.539444_92.665278,2026-10-02,23.539444,92.665278,621.0,26.114858627319336,10.96241569519043,10.96241569519043,3,0,0.010011387749351506,1.0011387749351506,0.47,0,NO_WARNING,LOW,2026-10-03T06:29:05.832081+00:00
AIZ_GRID_011_23.538889_92.6625,2026-10-02,23.538889,92.6625,622.0,17.99090576171875,10.96241569519043,10.96241569519043,3,0,0.039468396994881416,3.946839699488142,0.47,0,NO_WARNING,LOW,2026-10-03T06:29:05.832081+00:00
AIZ_GRID_011_23.539444_92.658889,2026-10-02,23.539444,92.658889,567.0,13.249390602111816,10.96241569519043,10.96241569519043,3,0,0.13817539784620858,13.817539784620859,0.47,0,NO_WARNING,LOW,2026-10-03T06:29:05.832081+00:00
AIZ_GRID_011_23.536111_92.655278,2026-10-02,23.536111,92.655278,499.0,35.05294418334961,10.96241569519043,10.96241569519043,3,0,0.037786992981588316,3.7786992981588314,0.47,0,NO_WARNING,LOW,2026-10-03T06:29:05.832081+00:00
AIZ_GRID_011_23.526944_92.654444,2026-10-02,23.526944,92.654444,405.0,22.05249214172364,10.96241569519043,10.96241569519043,3,0,0.08776775315602646,8.776775315602645,0.47,0,NO_WARNING,LOW,2026-10-03T06:29:05.832081+00:00
AIZ_GRID_008_23.450833_92.6825,2026-10-02,23.450833,92.6825,905.0,9.49730396270752,10.96241569519043,10.96241569519043,3,0,0.026856752760477776,2.6856752760477773,0.47,0,NO_WARNING,LOW,2026-10-03T06:29:05.832081+00:00
AIZ_GRID_004_23.448056_92.683333,2026-10-02,23.448056,92.683333,863.0,19.51909446716309,10.96241569519043,10.96241569519043,3,0,0.2109578273061133,21.09578273061133,0.47,0,NO_WARNING,LOW,2026-10-03T06:29:05.832081+00:00
AIZ_GRID_004_23.443333_92.685278,2026-10-02,23.443333,92.685278,857.0,13.42956829071045,10.96241569519043,10.96241569519043,3,0,0.07414462543446787,7.414462543446787,0.47,0,NO_WARNING,LOW,2026-10-03T06:29:05.832081+00:00
AIZ_GRID_005_23.427222_92.712778,2026-10-02,23.427222,92.712778,919.0,37.948974609375,10.96241569519043,10.96241569519043,3,0,0.6743643498468234,67.43643498468234,0.47,1,WARNING,HIGH,2026-10-03T06:29:05.832081+00:00
AIZ_GRID_005_23.416944_92.718056,2026-10-02,23.416944,92.718056,1086.0,32.3216667175293,10.96241569519043,10.96241569519043,3,0,0.6465667924632055,64.65667924632055,0.47,1,WARNING,HIGH,2026-10-03T06:29:05.832081+00:00
AIZ_GRID_005_23.41_92.749444,2026-10-02,23.41,92.749444,1229.0,29.402381896972656,10.96241569519043,10.96241569519043,3,0,0.4804219196423753,48.04219196423753,0.47,1,WARNING,HIGH,2026-10-03T06:29:05.832081+00:00
AIZ_GRID_002_23.379722_92.751667,2026-10-02,23.379722,92.751667,1289.0,28.547969818115234,25.61162567138672,25.61162567138672,4,2,0.4044408502450251,40.444085024502506,0.47,0,NO_WARNING,MODERATE,2026-10-03T06:29:05.832081+00:00
AIZ_GRID_002_23.356944_92.770278,2026-10-02,23.356944,92.770278,1033.0,27.22526359558105,25.61162567138672,25.61162567138672,4,2,0.40060635814714396,40.060635814714395,0.47,0,NO_WARNING,MODERATE,2026-10-03T06:29:05.832081+00:00
AIZ_GRID_002_23.356389_92.770278,2026-10-02,23.356389,92.770278,1008.0,23.494129180908203,25.61162567138672,25.61162567138672,4,2,0.4216016603235465,42.16016603235465,0.47,0,NO_WARNING,MODERATE,2026-10-03T06:29:05.832081+00:00
AIZ_GRID_002_23.391667_92.755278,2026-10-02,23.391667,92.755278,1306.0,29.517797470092773,25.61162567138672,25.61162567138672,4,2,0.5735768455434976,57.35768455434977,0.47,1,WARNING,HIGH,2026-10-03T06:29:05.832081+00:00
AIZ_GRID_006_23.431944_92.760833,2026-10-02,23.431944,92.760833,1475.0,26.61834716796875,10.96241569519043,10.96241569519043,3,0,0.12286244367468721,12.28624436746872,0.47,0,NO_WARNING,LOW,2026-10-03T06:29:05.832081+00:00
AIZ_GRID_006_23.441389_92.778889,2026-10-02,23.441389,92.778889,1340.0,27.899396896362305,10.96241569519043,10.96241569519043,3,0,0.13069925765887852,13.069925765887852,0.47,0,NO_WARNING,LOW,2026-10-03T06:29:05.832081+00:00
AIZ_GRID_009_23.485556_92.703056,2026-10-02,23.485556,92.703056,971.0,18.54336929321289,10.96241569519043,10.96241569519043,3,0,0.05006211318012124,5.006211318012125,0.47,0,NO_WARNING,LOW,2026-10-03T06:29:05.832081+00:00
AIZ_GRID_009_23.490833_92.705556,2026-10-02,23.490833,92.705556,1018.0,40.86216735839844,10.96241569519043,10.96241569519043,3,0,0.7136407450919852,71.36407450919852,0.47,1,WARNING,HIGH,2026-10-03T06:29:05.832081+00:00
AIZ_GRID_009_23.498611_92.703889,2026-10-02,23.498611,92.703889,982.0,35.61542892456055,10.96241569519043,10.96241569519043,3,0,0.6269949330737689,62.69949330737688,0.47,1,WARNING,HIGH,2026-10-03T06:29:05.832081+00:00
AIZ_GRID_036_23.661944_92.854167,2026-10-02,23.661944,92.854167,844.0,19.49338150024414,10.403031349182127,10.403031349182127,3,0,0.2752767491682158,27.52767491682158,0.47,0,NO_WARNING,MODERATE,2026-10-03T06:29:05.832081+00:00
AIZ_GRID_036_23.682778_92.8575,2026-10-02,23.682778,92.8575,954.0,31.85177993774414,10.403031349182127,10.403031349182127,3,0,0.6430556481848205,64.30556481848205,0.47,1,WARNING,HIGH,2026-10-03T06:29:05.832081+00:00
AIZ_GRID_036_23.683056_92.8575,2026-10-02,23.683056,92.8575,968.0,20.1423397064209,10.403031349182127,10.403031349182127,3,0,0.1360291584495211,13.60291584495211,0.47,0,NO_WARNING,LOW,2026-10-03T06:29:05.832081+00:00
AIZ_GRID_044_23.713889_92.857222,2026-10-02,23.713889,92.857222,854.0,37.932899475097656,10.403031349182127,10.403031349182127,3,0,0.6406218367414778,64.06218367414778,0.47,1,WARNING,HIGH,2026-10-03T06:29:05.832081+00:00
AIZ_GRID_036_23.686389_92.858333,2026-10-02,23.686389,92.858333,930.0,29.90041923522949,10.403031349182127,10.403031349182127,3,0,0.5403410613978735,54.034106139787355,0.47,1,WARNING,HIGH,2026-10-03T06:29:05.832081+00:00
AIZ_GRID_036_23.694722_92.859722,2026-10-02,23.694722,92.859722,947.0,18.589183807373047,10.403031349182127,10.403031349182127,3,0,0.049073907657488855,4.907390765748885,0.47,0,NO_WARNING,LOW,2026-10-03T06:29:05.832081+00:00
AIZ_GRID_044_23.714167_92.858056,2026-10-02,23.714167,92.858056,888.0,21.22980499267578,10.403031349182127,10.403031349182127,3,0,0.2885081979404627,28.850819794046267,0.47,0,NO_WARNING,MODERATE,2026-10-03T06:29:05.832081+00:00
AIZ_GRID_044_23.727222_92.854722,2026-10-02,23.727222,92.854722,819.0,33.35020446777344,10.403031349182127,10.403031349182127,3,0,0.632490620860418,63.249062086041796,0.47,1,WARNING,HIGH,2026-10-03T06:29:05.832081+00:00
AIZ_GRID_044_23.729722_92.853056,2026-10-02,23.729722,92.853056,786.0,31.50731658935547,10.403031349182127,10.403031349182127,3,0,0.5358106293907661,53.58106293907661,0.47,1,WARNING,HIGH,2026-10-03T06:29:05.832081+00:00
AIZ_GRID_043_23.731111_92.846389,2026-10-02,23.731111,92.846389,712.0,26.61834716796875,10.403031349182127,10.403031349182127,3,0,0.09473369136190564,9.473369136190565,0.47,0,NO_WARNING,LOW,2026-10-03T06:29:05.832081+00:00
AIZ_GRID_043_23.733611_92.843056,2026-10-02,23.733611,92.843056,690.0,26.75701713562012,10.403031349182127,10.403031349182127,3,0,0.03558627545668683,3.5586275456686827,0.47,0,NO_WARNING,LOW,2026-10-03T06:29:05.832081+00:00
AIZ_GRID_043_23.738333_92.813333,2026-10-02,23.738333,92.813333,403.0,23.66083526611328,10.403031349182127,10.403031349182127,3,0,0.023069732949135707,2.3069732949135706,0.47,0,NO_WARNING,LOW,2026-10-03T06:29:05.832081+00:00
AIZ_GRID_043_23.736944_92.813611,2026-10-02,23.736944,92.813611,410.0,32.32339096069336,10.403031349182127,10.403031349182127,3,0,0.11550155889826588,11.550155889826588,0.47,0,NO_WARNING,LOW,2026-10-03T06:29:05.832081+00:00
AIZ_GRID_043_23.734722_92.813333,2026-10-02,23.734722,92.813333,429.0,39.07339096069336,10.403031349182127,10.403031349182127,3,0,0.04843815124890105,4.843815124890105,0.47,0,NO_WARNING,LOW,2026-10-03T06:29:05.832081+00:00
AIZ_GRID_042_23.729167_92.758889,2026-10-02,23.729167,92.758889,987.0,20.633180618286133,10.403031349182127,10.403031349182127,3,0,0.1567670278745767,15.67670278745767,0.47,0,NO_WARNING,LOW,2026-10-03T06:29:05.832081+00:00
AIZ_GRID_042_23.73_92.758333,2026-10-02,23.73,92.758333,928.0,38.79518508911133,10.403031349182127,10.403031349182127,3,0,0.6651716257778083,66.51716257778084,0.47,1,WARNING,HIGH,2026-10-03T06:29:05.832081+00:00
AIZ_GRID_042_23.730556_92.758611,2026-10-02,23.730556,92.758611,897.0,42.51365280151367,10.403031349182127,10.403031349182127,3,0,0.758215871691711,75.8215871691711,0.47,1,WARNING,CRITICAL,2026-10-03T06:29:05.832081+00:00
AIZ_GRID_042_23.729167_92.765833,2026-10-02,23.729167,92.765833,780.0,12.226375579833984,10.403031349182127,10.403031349182127,3,0,0.23702714943354447,23.702714943354447,0.47,0,NO_WARNING,LOW,2026-10-03T06:29:05.832081+00:00
AIZ_GRID_042_23.730278_92.768611,2026-10-02,23.730278,92.768611,744.0,20.63872718811035,10.403031349182127,10.403031349182127,3,0,0.34808548738879397,34.808548738879395,0.47,0,NO_WARNING,MODERATE,2026-10-03T06:29:05.832081+00:00
AIZ_GRID_042_23.732222_92.765556,2026-10-02,23.732222,92.765556,911.0,23.523117065429688,10.403031349182127,10.403031349182127,3,0,0.16313985930098876,16.313985930098877,0.47,0,NO_WARNING,LOW,2026-10-03T06:29:05.832081+00:00
AIZ_GRID_042_23.737944_92.786139,2026-10-02,23.737944,92.786139,562.0,31.820539474487305,10.403031349182127,10.403031349182127,3,0,0.09745449326673188,9.745449326673187,0.47,0,NO_WARNING,LOW,2026-10-03T06:29:05.832081+00:00
AIZ_GRID_042_23.7375_92.788056,2026-10-02,23.7375,92.788056,548.0,20.440710067749023,10.403031349182127,10.403031349182127,3,0,0.044947468585794396,4.49474685857944,0.47,0,NO_WARNING,LOW,2026-10-03T06:29:05.832081+00:00
AIZ_GRID_042_23.733889_92.793889,2026-10-02,23.733889,92.793889,315.0,17.52849578857422,10.403031349182127,10.403031349182127,3,0,0.10042331334793592,10.042331334793591,0.47,0,NO_WARNING,LOW,2026-10-03T06:29:05.832081+00:00
AIZ_GRID_042_23.722222_92.798611,2026-10-02,23.722222,92.798611,197.0,13.943257331848145,10.403031349182127,10.403031349182127,3,0,0.19709257440413183,19.709257440413182,0.47,0,NO_WARNING,LOW,2026-10-03T06:29:05.832081+00:00
AIZ_GRID_042_23.721389_92.799444,2026-10-02,23.721389,92.799444,204.0,22.36122703552246,10.403031349182127,10.403031349182127,3,0,0.09399283384740327,9.399283384740327,0.47,0,NO_WARNING,LOW,2026-10-03T06:29:05.832081+00:00
AIZ_GRID_044_23.721389_92.857778,2026-10-02,23.721389,92.857778,801.0,27.212526321411133,10.403031349182127,10.403031349182127,3,0,0.25939289300148743,25.939289300148744,0.47,0,NO_WARNING,MODERATE,2026-10-03T06:29:05.832081+00:00
AIZ_GRID_044_23.720833_92.864722,2026-10-02,23.720833,92.864722,819.0,36.6032600402832,10.403031349182127,10.403031349182127,3,0,0.6173776535284511,61.73776535284511,0.47,1,WARNING,HIGH,2026-10-03T06:29:05.832081+00:00
AIZ_GRID_044_23.711667_92.878333,2026-10-02,23.711667,92.878333,592.0,31.382339477539062,10.403031349182127,10.403031349182127,3,0,0.11412491711721748,11.412491711721747,0.47,0,NO_WARNING,LOW,2026-10-03T06:29:05.832081+00:00
AIZ_GRID_044_23.711111_92.878611,2026-10-02,23.711111,92.878611,588.0,28.334793090820312,10.403031349182127,10.403031349182127,3,0,0.04653228204708175,4.653228204708175,0.47,0,NO_WARNING,LOW,2026-10-03T06:29:05.832081+00:00
AIZ_GRID_044_23.703333_92.876389,2026-10-02,23.703333,92.876389,575.0,12.124710083007812,10.403031349182127,10.403031349182127,3,0,0.17040125971169212,17.04012597116921,0.47,0,NO_WARNING,LOW,2026-10-03T06:29:05.832081+00:00
AIZ_GRID_043_23.733611_92.848333,2026-10-02,23.733611,92.848333,740.0,21.118059158325195,10.403031349182127,10.403031349182127,3,0,0.36241520952900613,36.241520952900615,0.47,0,NO_WARNING,MODERATE,2026-10-03T06:29:05.832081+00:00
AIZ_GRID_044_23.733611_92.853056,2026-10-02,23.733611,92.853056,828.0,35.638023376464844,10.403031349182127,10.403031349182127,3,0,0.6025421901347464,60.25421901347464,0.47,1,WARNING,HIGH,2026-10-03T06:29:05.832081+00:00
AIZ_GRID_044_23.735_92.856667,2026-10-02,23.735,92.856667,788.0,31.7506046295166,10.403031349182127,10.403031349182127,3,0,0.5358106293907661,53.58106293907661,0.47,1,WARNING,HIGH,2026-10-03T06:29:05.832081+00:00
AIZ_GRID_044_23.736667_92.856111,2026-10-02,23.736667,92.856111,763.0,31.89004707336425,10.403031349182127,10.403031349182127,3,0,0.3789769106463267,37.897691064632674,0.47,0,NO_WARNING,MODERATE,2026-10-03T06:29:05.832081+00:00
AIZ_GRID_044_23.735833_92.851944,2026-10-02,23.735833,92.851944,708.0,26.08116340637207,10.403031349182127,10.403031349182127,3,0,0.09339920262707029,9.339920262707029,0.47,0,NO_WARNING,LOW,2026-10-03T06:29:05.832081+00:00
AIZ_GRID_044_23.744167_92.855556,2026-10-02,23.744167,92.855556,850.0,18.79589080810547,10.403031349182127,10.403031349182127,3,0,0.11612375673234529,11.61237567323453,0.47,0,NO_WARNING,LOW,2026-10-03T06:29:05.832081+00:00
AIZ_GRID_044_23.743611_92.854167,2026-10-02,23.743611,92.854167,830.0,28.89985084533692,10.403031349182127,10.403031349182127,3,0,0.5247772784768886,52.47772784768886,0.47,1,WARNING,HIGH,2026-10-03T06:29:05.832081+00:00
AIZ_GRID_051_23.761111_92.847778,2026-10-02,23.761111,92.847778,791.0,26.51814651489257,10.403031349182127,10.403031349182127,3,0,0.3127756113624079,31.277561136240788,0.47,0,NO_WARNING,MODERATE,2026-10-03T06:29:05.832081+00:00
AIZ_GRID_052_23.761667_92.850833,2026-10-02,23.761667,92.850833,809.0,26.21508979797364,10.403031349182127,10.403031349182127,3,0,0.25317135818034175,25.317135818034174,0.47,0,NO_WARNING,MODERATE,2026-10-03T06:29:05.832081+00:00
AIZ_GRID_051_23.765278_92.85,2026-10-02,23.765278,92.85,780.0,18.54336929321289,10.403031349182127,10.403031349182127,3,0,0.2489157011225136,24.891570112251358,0.47,0,NO_WARNING,LOW,2026-10-03T06:29:05.832081+00:00
AIZ_GRID_052_23.768611_92.851389,2026-10-02,23.768611,92.851389,773.0,34.02273178100586,10.403031349182127,10.403031349182127,3,0,0.47866753424811825,47.866753424811826,0.47,1,WARNING,HIGH,2026-10-03T06:29:05.832081+00:00
AIZ_GRID_051_23.777778_92.8479,2026-10-02,23.777778,92.8479,694.0,27.484453201293945,10.403031349182127,10.403031349182127,3,0,0.03692076419152219,3.692076419152219,0.47,0,NO_WARNING,LOW,2026-10-03T06:29:05.832081+00:00
AIZ_GRID_051_23.774_92.848,2026-10-02,23.774,92.848,670.0,22.69641876220703,10.403031349182127,10.403031349182127,3,0,0.025130555912841496,2.5130555912841497,0.47,0,NO_WARNING,LOW,2026-10-03T06:29:05.832081+00:00
AIZ_GRID_051_23.7775_92.848333,2026-10-02,23.7775,92.848333,700.0,26.6378231048584,10.403031349182127,10.403031349182127,3,0,0.03527790541263396,3.527790541263396,0.47,0,NO_WARNING,LOW,2026-10-03T06:29:05.832081+00:00
AIZ_GRID_051_23.778333_92.846667,2026-10-02,23.778333,92.846667,674.0,28.86742782592773,10.403031349182127,10.403031349182127,3,0,0.04978692968749912,4.978692968749912,0.47,0,NO_WARNING,LOW,2026-10-03T06:29:05.832081+00:00
AIZ_GRID_051_23.771667_92.848056,2026-10-02,23.771667,92.848056,729.0,34.705848693847656,10.403031349182127,10.403031349182127,3,0,0.15377493399268025,15.377493399268024,0.47,0,NO_WARNING,LOW,2026-10-03T06:29:05.832081+00:00
AIZ_GRID_051_23.773611_92.849444,2026-10-02,23.773611,92.849444,736.0,28.08105087280273,10.403031349182127,10.403031349182127,3,0,0.2362785401998844,23.62785401998844,0.47,0,NO_WARNING,LOW,2026-10-03T06:29:05.832081+00:00
AIZ_GRID_059_23.826389_92.8325,2026-10-02,23.826389,92.8325,402.0,45.55062484741211,10.403031349182127,10.403031349182127,3,0,0.23441939326746136,23.441939326746137,0.47,0,NO_WARNING,LOW,2026-10-03T06:29:05.832081+00:00
AIZ_GRID_059_23.832778_92.8325,2026-10-02,23.832778,92.8325,380.0,26.08116340637207,10.403031349182127,10.403031349182127,3,0,0.008063316788695936,0.8063316788695936,0.47,0,NO_WARNING,LOW,2026-10-03T06:29:05.832081+00:00
AIZ_GRID_059_23.838889_92.831944,2026-10-02,23.838889,92.831944,260.0,28.50118064880371,10.403031349182127,10.403031349182127,3,0,0.05105644427267845,5.105644427267845,0.47,0,NO_WARNING,LOW,2026-10-03T06:29:05.832081+00:00
AIZ_GRID_059_23.847778_92.836944,2026-10-02,23.847778,92.836944,378.0,26.23935508728028,10.403031349182127,10.403031349182127,3,0,0.008063316788695936,0.8063316788695936,0.47,0,NO_WARNING,LOW,2026-10-03T06:29:05.832081+00:00
AIZ_GRID_069_23.851944_92.833056,2026-10-02,23.851944,92.833056,181.0,17.845069885253906,14.395249366760254,14.395249366760254,3,0,0.17467076238714965,17.467076238714967,0.47,0,NO_WARNING,LOW,2026-10-03T06:29:05.832081+00:00
AIZ_GRID_069_23.862222_92.836667,2026-10-02,23.862222,92.836667,249.0,11.025328636169434,14.395249366760254,14.395249366760254,3,0,0.1839512537650328,18.39512537650328,0.47,0,NO_WARNING,LOW,2026-10-03T06:29:05.832081+00:00
AIZ_GRID_069_23.876944_92.84,2026-10-02,23.876944,92.84,370.0,28.167573928833008,14.395249366760254,14.395249366760254,3,0,0.007606609610424541,0.7606609610424541,0.47,0,NO_WARNING,LOW,2026-10-03T06:29:05.832081+00:00
AIZ_GRID_069_23.877778_92.840833,2026-10-02,23.877778,92.840833,361.0,34.81061172485352,14.395249366760254,14.395249366760254,3,0,0.09361545129572303,9.361545129572303,0.47,0,NO_WARNING,LOW,2026-10-03T06:29:05.832081+00:00
AIZ_GRID_070_23.885833_92.850556,2026-10-02,23.885833,92.850556,525.0,31.59108543395996,14.395249366760254,14.395249366760254,3,0,0.09734474143532802,9.734474143532802,0.47,0,NO_WARNING,LOW,2026-10-03T06:29:05.832081+00:00
AIZ_GRID_070_23.892778_92.850833,2026-10-02,23.892778,92.850833,587.0,34.74893569946289,14.395249366760254,14.395249366760254,3,0,0.0916608105235915,9.16608105235915,0.47,0,NO_WARNING,LOW,2026-10-03T06:29:05.832081+00:00
AIZ_GRID_069_23.891389_92.848889,2026-10-02,23.891389,92.848889,576.0,22.02956199645996,14.395249366760254,14.395249366760254,3,0,0.11498492281601458,11.498492281601457,0.47,0,NO_WARNING,LOW,2026-10-03T06:29:05.832081+00:00
AIZ_GRID_069_23.893056_92.847222,2026-10-02,23.893056,92.847222,575.0,13.931629180908203,14.395249366760254,14.395249366760254,3,0,0.173242465824578,17.3242465824578,0.47,0,NO_WARNING,LOW,2026-10-03T06:29:05.832081+00:00
AIZ_GRID_070_23.883611_92.853056,2026-10-02,23.883611,92.853056,664.0,29.85790061950684,14.395249366760254,14.395249366760254,3,0,0.05077952498940831,5.077952498940832,0.47,0,NO_WARNING,LOW,2026-10-03T06:29:05.832081+00:00
AIZ_GRID_070_23.885278_92.8575,2026-10-02,23.885278,92.8575,716.0,34.47832107543945,14.395249366760254,14.395249366760254,3,0,0.17050482457816707,17.050482457816706,0.47,0,NO_WARNING,LOW,2026-10-03T06:29:05.832081+00:00
AIZ_GRID_050_23.769722_92.76,2026-10-02,23.769722,92.76,1190.0,43.00267791748047,10.403031349182127,10.403031349182127,3,0,0.7413876586066913,74.13876586066912,0.47,1,WARNING,HIGH,2026-10-03T06:29:05.832081+00:00
AIZ_GRID_019_23.577222_92.712222,2026-10-02,23.577222,92.712222,901.0,2.226734161376953,10.96241569519043,10.96241569519043,3,0,0.02585545237036074,2.585545237036074,0.47,0,NO_WARNING,LOW,2026-10-03T06:29:05.832081+00:00
AIZ_GRID_033_23.686803_92.725199,2026-10-02,23.686803,92.725199,873.0,42.61337661743164,10.403031349182127,10.403031349182127,3,0,0.736160239894135,73.6160239894135,0.47,1,WARNING,HIGH,2026-10-03T06:29:05.832081+00:00
AIZ_GRID_041_23.700269_92.718168,2026-10-02,23.700269,92.718168,1066.0,38.4525260925293,10.403031349182127,10.403031349182127,3,0,0.6886960528853672,68.86960528853672,0.47,1,WARNING,HIGH,2026-10-03T06:29:05.832081+00:00
AIZ_GRID_041_23.74247_92.705587,2026-10-02,23.74247,92.705587,918.0,32.49155807495117,10.403031349182127,10.403031349182127,3,0,0.6538148638052582,65.38148638052583,0.47,1,WARNING,HIGH,2026-10-03T06:29:05.832081+00:00
AIZ_GRID_041_23.729422_92.716596,2026-10-02,23.729422,92.716596,1042.0,35.8038215637207,10.403031349182127,10.403031349182127,3,0,0.6483954953249378,64.83954953249378,0.47,1,WARNING,HIGH,2026-10-03T06:29:05.832081+00:00
AIZ_GRID_041_23.717553_92.716826,2026-10-02,23.717553,92.716826,1012.0,22.38055419921875,10.403031349182127,10.403031349182127,3,0,0.10753547475440495,10.753547475440495,0.47,0,NO_WARNING,LOW,2026-10-03T06:29:05.832081+00:00
AIZ_GRID_041_23.71577_92.713172,2026-10-02,23.71577,92.713172,957.0,35.85724639892578,10.403031349182127,10.403031349182127,3,0,0.6177715713186459,61.77715713186459,0.47,1,WARNING,HIGH,2026-10-03T06:29:05.832081+00:00
AIZ_GRID_042_23.730243_92.75603,2026-10-02,23.730243,92.75603,921.0,22.69641876220703,10.403031349182127,10.403031349182127,3,0,0.16040198987593318,16.040198987593318,0.47,0,NO_WARNING,LOW,2026-10-03T06:29:05.832081+00:00
AIZ_GRID_049_23.75024_92.736662,2026-10-02,23.75024,92.736662,1108.0,24.23047637939453,10.403031349182127,10.403031349182127,3,0,0.07839326146055484,7.839326146055484,0.47,0,NO_WARNING,LOW,2026-10-03T06:29:05.832081+00:00
AIZ_GRID_049_23.758901_92.730863,2026-10-02,23.758901,92.730863,1076.0,33.829444885253906,10.403031349182127,10.403031349182127,3,0,0.641422368735356,64.1422368735356,0.47,1,WARNING,HIGH,2026-10-03T06:29:05.832081+00:00
AIZ_GRID_049_23.755925_92.726753,2026-10-02,23.755925,92.726753,1021.0,41.42621612548828,10.403031349182127,10.403031349182127,3,0,0.7666319091907595,76.66319091907596,0.47,1,WARNING,CRITICAL,2026-10-03T06:29:05.832081+00:00
AIZ_GRID_041_23.745802_92.717053,2026-10-02,23.745802,92.717053,915.0,32.2030029296875,10.403031349182127,10.403031349182127,3,0,0.6558148638052582,65.58148638052582,0.47,1,WARNING,HIGH,2026-10-03T06:29:05.832081+00:00
AIZ_GRID_025_23.605091_92.72184,2026-10-02,23.605091,92.72184,816.0,34.888572692871094,10.403031349182127,10.403031349182127,3,0,0.6064281100167225,60.64281100167225,0.47,1,WARNING,HIGH,2026-10-03T06:29:05.832081+00:00
AIZ_GRID_019_23.581766_92.713413,2026-10-02,23.581766,92.713413,867.0,36.09857177734375,10.96241569519043,10.96241569519043,3,0,0.6028729688636651,60.28729688636651,0.47,1,WARNING,HIGH,2026-10-03T06:29:05.832081+00:00
AIZ_GRID_009_23.469247_92.744068,2026-10-02,23.469247,92.744068,1357.0,20.974666595458984,10.96241569519043,10.96241569519043,3,0,0.1984080583686605,19.84080583686605,0.47,0,NO_WARNING,LOW,2026-10-03T06:29:05.832081+00:00
AIZ_GRID_006_23.410771_92.753123,2026-10-02,23.410771,92.753123,1116.0,31.887178421020508,10.96241569519043,10.96241569519043,3,0,0.6246301717374214,62.463017173742145,0.47,1,WARNING,HIGH,2026-10-03T06:29:05.832081+00:00
AIZ_GRID_002_23.367366_92.767304,2026-10-02,23.367366,92.767304,1162.0,51.299564361572266,25.61162567138672,25.61162567138672,4,2,0.7172058984246155,71.72058984246155,0.47,1,WARNING,HIGH,2026-10-03T06:29:05.832081+00:00
AIZ_GRID_002_23.353485_92.780193,2026-10-02,23.353485,92.780193,867.0,28.21599006652832,25.61162567138672,25.61162567138672,4,2,0.4337404860052721,43.37404860052721,0.47,0,NO_WARNING,MODERATE,2026-10-03T06:29:05.832081+00:00
AIZ_GRID_002_23.350187_92.778852,2026-10-02,23.350187,92.778852,834.0,32.65620803833008,25.61162567138672,25.61162567138672,4,2,0.6734354894987346,67.34354894987345,0.47,1,WARNING,HIGH,2026-10-03T06:29:05.832081+00:00
AIZ_GRID_002_23.341022_92.776761,2026-10-02,23.341022,92.776761,759.0,31.89004707336425,25.61162567138672,25.61162567138672,4,2,0.4348609269389616,43.48609269389616,0.47,0,NO_WARNING,MODERATE,2026-10-03T06:29:05.832081+00:00
AIZ_GRID_002_23.339144_92.786128,2026-10-02,23.339144,92.786128,700.0,9.49730396270752,25.61162567138672,25.61162567138672,4,2,0.14239749784224973,14.239749784224973,0.47,0,NO_WARNING,LOW,2026-10-03T06:29:05.832081+00:00
AIZ_GRID_002_23.336229_92.787113,2026-10-02,23.336229,92.787113,687.0,37.87282943725586,25.61162567138672,25.61162567138672,4,2,0.15072703310842436,15.072703310842437,0.47,0,NO_WARNING,LOW,2026-10-03T06:29:05.832081+00:00
AIZ_GRID_044_23.700835_92.877449,2026-10-02,23.700835,92.877449,533.0,23.25823783874512,10.403031349182127,10.403031349182127,3,0,0.02821734063566886,2.8217340635668857,0.47,0,NO_WARNING,LOW,2026-10-03T06:29:05.832081+00:00
AIZ_GRID_051_23.760466_92.848969,2026-10-02,23.760466,92.848969,828.0,4.1494646072387695,10.403031349182127,10.403031349182127,3,0,0.11098197700681166,11.098197700681165,0.47,0,NO_WARNING,LOW,2026-10-03T06:29:05.832081+00:00
AIZ_GRID_059_23.807952_92.834037,2026-10-02,23.807952,92.834037,511.0,21.821081161499023,10.403031349182127,10.403031349182127,3,0,0.06902704268599634,6.902704268599634,0.47,0,NO_WARNING,LOW,2026-10-03T06:29:05.832081+00:00
AIZ_GRID_116_24.285871_92.94599,2026-10-02,24.285871,92.94599,923.0,19.28753471374512,20.90788078308105,20.90788078308105,3,0,0.3298400268133661,32.98400268133661,0.47,0,NO_WARNING,MODERATE,2026-10-03T06:29:05.832081+00:00
AIZ_GRID_116_24.288014_92.946017,2026-10-02,24.288014,92.946017,924.0,29.38678359985352,20.90788078308105,20.90788078308105,3,0,0.5686449031415924,56.86449031415924,0.47,1,WARNING,HIGH,2026-10-03T06:29:05.832081+00:00
AIZ_GRID_122_24.354658_92.925511,2026-10-02,24.354658,92.925511,683.0,16.021011352539062,20.90788078308105,20.90788078308105,3,0,0.11220411400542453,11.220411400542453,0.47,0,NO_WARNING,LOW,2026-10-03T06:29:05.832081+00:00
AIZ_GRID_122_24.365715_92.930137,2026-10-02,24.365715,92.930137,609.0,23.10662841796875,20.90788078308105,20.90788078308105,3,0,0.07624613045836957,7.624613045836957,0.47,0,NO_WARNING,LOW,2026-10-03T06:29:05.832081+00:00
AIZ_GRID_044_23.747519_92.853155,2026-10-02,23.747519,92.853155,813.0,11.15342903137207,10.403031349182127,10.403031349182127,3,0,0.11426731486876916,11.426731486876916,0.47,0,NO_WARNING,LOW,2026-10-03T06:29:05.832081+00:00
AIZ_GRID_041_23.701667_92.719444,2026-10-02,23.701667,92.719444,1027.0,37.87282943725586,10.403031349182127,10.403031349182127,3,0,0.6862956383829756,68.62956383829756,0.47,1,WARNING,HIGH,2026-10-03T06:29:05.832081+00:00
AIZ_GRID_041_23.741908_92.741614,2026-10-02,23.741908,92.741614,888.0,22.519908905029297,10.403031349182127,10.403031349182127,3,0,0.1881336164224307,18.81336164224307,0.47,0,NO_WARNING,LOW,2026-10-03T06:29:05.832081+00:00
AIZ_GRID_036_23.684167_92.857083,2026-10-02,23.684167,92.857083,959.0,15.467188835144045,10.403031349182127,10.403031349182127,3,0,0.044486964928980396,4.44869649289804,0.47,0,NO_WARNING,LOW,2026-10-03T06:29:05.832081+00:00
AIZ_GRID_041_23.716889_92.720833,2026-10-02,23.716889,92.720833,1016.0,31.827539443969727,10.403031349182127,10.403031349182127,3,0,0.6638224025587963,66.38224025587964,0.47,1,WARNING,HIGH,2026-10-03T06:29:05.832081+00:00
AIZ_GRID_041_23.741508_92.707858,2026-10-02,23.741508,92.707858,893.0,36.64385223388672,10.403031349182127,10.403031349182127,3,0,0.6394308757102277,63.94308757102277,0.47,1,WARNING,HIGH,2026-10-03T06:29:05.832081+00:00
AIZ_GRID_009_23.47_92.7215,2026-10-02,23.47,92.7215,1086.0,32.07890701293945,10.96241569519043,10.96241569519043,3,0,0.6465667924632055,64.65667924632055,0.47,1,WARNING,HIGH,2026-10-03T06:29:05.832081+00:00
AIZ_GRID_009_23.4688_92.7208,2026-10-02,23.4688,92.7208,1141.0,25.37133026123047,10.96241569519043,10.96241569519043,3,0,0.06464685334663611,6.464685334663612,0.47,0,NO_WARNING,LOW,2026-10-03T06:29:05.832081+00:00
AIZ_GRID_009_23.4855_92.7033,2026-10-02,23.4855,92.7033,957.0,24.25544166564941,10.96241569519043,10.96241569519043,3,0,0.09105195020855027,9.105195020855026,0.47,0,NO_WARNING,LOW,2026-10-03T06:29:05.832081+00:00
AIZ_GRID_009_23.4946_92.7044,2026-10-02,23.4946,92.7044,905.0,31.02042388916016,10.96241569519043,10.96241569519043,3,0,0.654624359837526,65.4624359837526,0.47,1,WARNING,HIGH,2026-10-03T06:29:05.832081+00:00
AIZ_GRID_012_23.524999_92.725004,2026-10-02,23.524999,92.725004,861.0,18.92451286315918,10.96241569519043,10.96241569519043,3,0,0.06160398719417935,6.160398719417935,0.47,0,NO_WARNING,LOW,2026-10-03T06:29:05.832081+00:00
AIZ_GRID_009_23.474999_92.725004,2026-10-02,23.474999,92.725004,967.0,22.421056747436523,10.96241569519043,10.96241569519043,3,0,0.04850183798029505,4.850183798029505,0.47,0,NO_WARNING,LOW,2026-10-03T06:29:05.832081+00:00
AIZ_GRID_050_23.774999_92.775004,2026-10-02,23.774999,92.775004,640.0,38.00202560424805,10.403031349182127,10.403031349182127,3,0,0.02237778543443716,2.237778543443716,0.47,0,NO_WARNING,LOW,2026-10-03T06:29:05.832081+00:00
AIZ_GRID_059_23.824999_92.825004,2026-10-02,23.824999,92.825004,431.0,20.12483024597168,10.403031349182127,10.403031349182127,3,0,0.009312649716634586,0.9312649716634586,0.47,0,NO_WARNING,LOW,2026-10-03T06:29:05.832081+00:00
AIZ_GRID_044_23.724999_92.875004,2026-10-02,23.724999,92.875004,463.0,26.29429626464844,10.403031349182127,10.403031349182127,3,0,0.0037365690349385485,0.37365690349385483,0.47,0,NO_WARNING,LOW,2026-10-03T06:29:05.832081+00:00
AIZ_GRID_002_23.374999_92.775004,2026-10-02,23.374999,92.775004,1258.0,28.33089637756348,25.61162567138672,25.61162567138672,4,2,0.28375115981043847,28.375115981043848,0.47,0,NO_WARNING,MODERATE,2026-10-03T06:29:05.832081+00:00
AIZ_GRID_019_23.574999_92.725004,2026-10-02,23.574999,92.725004,712.0,22.656633377075195,10.96241569519043,10.96241569519043,3,0,0.10670228817663382,10.670228817663382,0.47,0,NO_WARNING,LOW,2026-10-03T06:29:05.832081+00:00
AIZ_GRID_008_23.474999_92.675004,2026-10-02,23.474999,92.675004,511.0,23.73074722290039,10.96241569519043,10.96241569519043,3,0,0.0013344887348353553,0.13344887348353554,0.47,0,NO_WARNING,LOW,2026-10-03T06:29:05.832081+00:00
AIZ_GRID_041_23.724999_92.725004,2026-10-02,23.724999,92.725004,902.0,8.836584091186523,10.403031349182127,10.403031349182127,3,0,0.024520963635525382,2.4520963635525383,0.47,0,NO_WARNING,LOW,2026-10-03T06:29:05.832081+00:00
AIZ_GRID_122_24.374999_92.925004,2026-10-02,24.374999,92.925004,292.0,21.000205993652344,20.90788078308105,20.90788078308105,3,0,0.06853022740346082,6.853022740346082,0.47,0,NO_WARNING,LOW,2026-10-03T06:29:05.832081+00:00
AIZ_GRID_117_24.274999_92.975004,2026-10-02,24.274999,92.975004,544.0,28.460250854492188,20.90788078308105,20.90788078308105,3,0,0.020688278342798547,2.0688278342798547,0.47,0,NO_WARNING,LOW,2026-10-03T06:29:05.832081+00:00
AIZ_GRID_036_23.674999_92.875004,2026-10-02,23.674999,92.875004,513.0,33.69331741333008,10.403031349182127,10.403031349182127,3,0,0.01579382508696878,1.579382508696878,0.47,0,NO_WARNING,LOW,2026-10-03T06:29:05.832081+00:00
AIZ_GRID_020_23.574999_92.825004,2026-10-02,23.574999,92.825004,624.0,24.16557502746582,10.96241569519043,10.96241569519043,3,0,0.01134587648418686,1.134587648418686,0.47,0,NO_WARNING,LOW,2026-10-03T06:29:05.832081+00:00
AIZ_GRID_028_23.624999_92.875004,2026-10-02,23.624999,92.875004,467.0,23.672719955444336,10.96241569519043,10.96241569519043,3,0,0.0013344887348353553,0.13344887348353554,0.47,0,NO_WARNING,LOW,2026-10-03T06:29:05.832081+00:00
AIZ_GRID_042_23.724999_92.775004,2026-10-02,23.724999,92.775004,913.0,14.976007461547852,10.403031349182127,10.403031349182127,3,0,0.04162841427037513,4.162841427037513,0.47,0,NO_WARNING,LOW,2026-10-03T06:29:05.832081+00:00
AIZ_GRID_051_23.774999_92.825004,2026-10-02,23.774999,92.825004,370.0,22.39339828491211,10.403031349182127,10.403031349182127,3,0,0.006819329088932839,0.681932908893284,0.47,0,NO_WARNING,LOW,2026-10-03T06:29:05.832081+00:00
AIZ_GRID_027_23.624999_92.825004,2026-10-02,23.624999,92.825004,383.0,30.00912475585937,10.96241569519043,10.96241569519043,3,0,0.015785439326408454,1.5785439326408455,0.47,0,NO_WARNING,LOW,2026-10-03T06:29:05.832081+00:00
AIZ_GRID_025_23.624999_92.725004,2026-10-02,23.624999,92.725004,804.0,16.64626693725586,10.403031349182127,10.403031349182127,3,0,0.067022290923856,6.7022290923856005,0.47,0,NO_WARNING,LOW,2026-10-03T06:29:05.832081+00:00
AIZ_GRID_011_23.524999_92.675004,2026-10-02,23.524999,92.675004,287.0,18.75066566467285,10.96241569519043,10.96241569519043,3,0,0.045157516084057624,4.515751608405762,0.47,0,NO_WARNING,LOW,2026-10-03T06:29:05.832081+00:00
AIZ_GRID_026_23.624999_92.775004,2026-10-02,23.624999,92.775004,364.0,28.36828994750977,10.96241569519043,10.96241569519043,3,0,0.008123611315607982,0.8123611315607981,0.47,0,NO_WARNING,LOW,2026-10-03T06:29:05.832081+00:00
AIZ_GRID_069_23.874999_92.825004,2026-10-02,23.874999,92.825004,497.0,39.14694595336914,14.395249366760254,14.395249366760254,3,0,0.026434144403008546,2.643414440300855,0.47,0,NO_WARNING,LOW,2026-10-03T06:29:05.832081+00:00
AIZ_GRID_111_24.174999_92.925004,2026-10-02,24.174999,92.925004,391.0,18.949432373046875,20.90788078308105,20.90788078308105,3,0,0.04427697473727948,4.427697473727948,0.47,0,NO_WARNING,LOW,2026-10-03T06:29:05.832081+00:00
AIZ_GRID_043_23.724999_92.825004,2026-10-02,23.724999,92.825004,355.0,25.548095703125,10.403031349182127,10.403031349182127,3,0,0.011010935967237023,1.1010935967237023,0.47,0,NO_WARNING,LOW,2026-10-03T06:29:05.832081+00:00
AIZ_GRID_033_23.674999_92.725004,2026-10-02,23.674999,92.725004,693.0,16.65552520751953,10.403031349182127,10.403031349182127,3,0,0.05037774263610169,5.037774263610169,0.47,0,NO_WARNING,LOW,2026-10-03T06:29:05.832081+00:00
AIZ_GRID_040_23.724999_92.675004,2026-10-02,23.724999,92.675004,602.0,16.792776107788086,10.403031349182127,10.403031349182127,3,0,0.04267572173755546,4.267572173755546,0.47,0,NO_WARNING,LOW,2026-10-03T06:29:05.832081+00:00
AIZ_GRID_048_23.774999_92.675004,2026-10-02,23.774999,92.675004,633.0,17.809877395629883,10.403031349182127,10.403031349182127,3,0,0.03980158533959973,3.980158533959973,0.47,0,NO_WARNING,LOW,2026-10-03T06:29:05.832081+00:00
AIZ_GRID_004_23.424999_92.675004,2026-10-02,23.424999,92.675004,561.0,25.10403823852539,10.96241569519043,10.96241569519043,3,0,0.00493857258004554,0.493857258004554,0.47,0,NO_WARNING,LOW,2026-10-03T06:29:05.832081+00:00
AIZ_GRID_005_23.424999_92.725004,2026-10-02,23.424999,92.725004,724.0,12.203960418701172,10.96241569519043,10.96241569519043,3,0,0.15319863037691533,15.319863037691533,0.47,0,NO_WARNING,LOW,2026-10-03T06:29:05.832081+00:00
AIZ_GRID_049_23.774999_92.725004,2026-10-02,23.774999,92.725004,1176.0,11.863102912902832,10.403031349182127,10.403031349182127,3,0,0.02271691947865892,2.271691947865892,0.47,0,NO_WARNING,LOW,2026-10-03T06:29:05.832081+00:00
AIZ_GRID_052_23.774999_92.875004,2026-10-02,23.774999,92.875004,641.0,39.927764892578125,10.403031349182127,10.403031349182127,3,0,0.04756713430764268,4.756713430764268,0.47,0,NO_WARNING,LOW,2026-10-03T06:29:05.832081+00:00
AIZ_GRID_070_23.874999_92.875004,2026-10-02,23.874999,92.875004,937.0,7.558364391326904,14.395249366760254,14.395249366760254,3,0,0.030008791046145983,3.000879104614598,0.47,0,NO_WARNING,LOW,2026-10-03T06:29:05.832081+00:00
AIZ_GRID_057_23.824999_92.725004,2026-10-02,23.824999,92.725004,751.0,35.48188781738281,10.403031349182127,10.403031349182127,3,0,0.12431950843987226,12.431950843987225,0.47,0,NO_WARNING,LOW,2026-10-03T06:29:05.832081+00:00
AIZ_GRID_032_23.674999_92.675004,2026-10-02,23.674999,92.675004,929.0,10.597792625427246,10.403031349182127,10.403031349182127,3,0,0.016446939677922868,1.6446939677922867,0.47,0,NO_WARNING,LOW,2026-10-03T06:29:05.832081+00:00
AIZ_GRID_006_23.424999_92.775004,2026-10-02,23.424999,92.775004,1121.0,26.242820739746094,10.96241569519043,10.96241569519043,3,0,0.03690690548795145,3.6906905487951445,0.47,0,NO_WARNING,LOW,2026-10-03T06:29:05.832081+00:00
AIZ_GRID_116_24.274999_92.925004,2026-10-02,24.274999,92.925004,435.0,17.16617202758789,20.90788078308105,20.90788078308105,3,0,0.08495086672629285,8.495086672629284,0.47,0,NO_WARNING,LOW,2026-10-03T06:29:05.832081+00:00
