grid_id,date,rainfall_mm_day,is_provisional
AIZ_GRID_002,2026-09-13,1.6873832941055298,False
AIZ_GRID_002,2026-09-14,0.5125333070755005,False
AIZ_GRID_002,2026-09-15,0.0506428182125091,False
AIZ_GRID_002,2026-09-16,30.46890640258789,False
AIZ_GRID_002,2026-09-17,1.2177573442459106,False
AIZ_GRID_002,2026-09-18,0.6323715448379517,False
AIZ_GRID_002,2026-09-19,1.487131953239441,True
AIZ_GRID_002,2026-09-20,14.072519302368164,False
AIZ_GRID_002,2026-09-21,0.0,False
AIZ_GRID_002,2026-09-22,4.473868846893311,False
AIZ_GRID_002,2026-09-23,0.3591659963130951,False
AIZ_GRID_002,2026-09-24,13.635212898254396,False
AIZ_GRID_002,2026-09-25,7.284671306610107,False
AIZ_GRID_002,2026-09-26,5.5454864501953125,False
AIZ_GRID_002,2026-09-27,2.745734214782715,False
AIZ_GRID_002,2026-09-28,0.0,False
AIZ_GRID_002,2026-09-29,1.2570809125900269,False
AIZ_GRID_002,2026-09-30,11.048770904541016,False
AIZ_GRID_002,2026-10-01,52.26277542114258,False
AIZ_GRID_002,2026-10-02,25.61162567138672,False
AIZ_GRID_002,2026-10-03,0.0724274292588234,False
AIZ_GRID_002,2026-10-04,9.918832778930664,False
AIZ_GRID_002,2026-10-05,0.7583149075508118,False
AIZ_GRID_002,2026-10-06,0.0,False
AIZ_GRID_002,2026-10-07,0.0,False
AIZ_GRID_002,2026-10-08,1.8957871198654175,False
AIZ_GRID_004,2026-09-13,1.9758787155151367,False
AIZ_GRID_004,2026-09-14,0.0495263300836086,False
AIZ_GRID_004,2026-09-15,0.0850412473082542,False
AIZ_GRID_004,2026-09-16,46.7407455444336,False
AIZ_GRID_004,2026-09-17,0.1417053490877151,False
AIZ_GRID_004,2026-09-18,0.8601043224334717,False
AIZ_GRID_004,2026-09-19,0.1821548640727996,True
AIZ_GRID_004,2026-09-20,18.86363220214844,False
AIZ_GRID_004,2026-09-21,0.0,False
AIZ_GRID_004,2026-09-22,0.5130624771118164,False
AIZ_GRID_004,2026-09-23,0.0539326854050159,False
AIZ_GRID_004,2026-09-24,16.623157501220703,False
AIZ_GRID_004,2026-09-25,10.794880867004396,False
AIZ_GRID_004,2026-09-26,5.1895432472229,False
AIZ_GRID_004,2026-09-27,3.138245105743408,False
AIZ_GRID_004,2026-09-28,0.0,False
AIZ_GRID_004,2026-09-29,0.1887643933296203,False
AIZ_GRID_004,2026-09-30,8.151853561401367,False
AIZ_GRID_004,2026-10-01,39.938995361328125,False
AIZ_GRID_004,2026-10-02,10.96241569519043,False
AIZ_GRID_004,2026-10-03,0.7443059682846069,False
AIZ_GRID_004,2026-10-04,16.4038143157959,False
AIZ_GRID_004,2026-10-05,0.8697961568832397,False
AIZ_GRID_004,2026-10-06,0.0,False
AIZ_GRID_004,2026-10-07,0.0,False
AIZ_GRID_004,2026-10-08,2.174490451812744,False
AIZ_GRID_005,2026-09-13,1.9758787155151367,False
AIZ_GRID_005,2026-09-14,0.0495263300836086,False
AIZ_GRID_005,2026-09-15,0.0850412473082542,False
AIZ_GRID_005,2026-09-16,46.7407455444336,False
AIZ_GRID_005,2026-09-17,0.1417053490877151,False
AIZ_GRID_005,2026-09-18,0.8601043224334717,False
AIZ_GRID_005,2026-09-19,0.1821548640727996,True
AIZ_GRID_005,2026-09-20,18.86363220214844,False
AIZ_GRID_005,2026-09-21,0.0,False
AIZ_GRID_005,2026-09-22,0.5130624771118164,False
AIZ_GRID_005,2026-09-23,0.0539326854050159,False
AIZ_GRID_005,2026-09-24,16.623157501220703,False
AIZ_GRID_005,2026-09-25,10.794880867004396,False
AIZ_GRID_005,2026-09-26,5.1895432472229,False
AIZ_GRID_005,2026-09-27,3.138245105743408,False
AIZ_GRID_005,2026-09-28,0.0,False
AIZ_GRID_005,2026-09-29,0.1887643933296203,False
AIZ_GRID_005,2026-09-30,8.151853561401367,False
AIZ_GRID_005,2026-10-01,39.938995361328125,False
AIZ_GRID_005,2026-10-02,10.96241569519043,False
AIZ_GRID_005,2026-10-03,0.7443059682846069,False
AIZ_GRID_005,2026-10-04,16.4038143157959,False
AIZ_GRID_005,2026-10-05,0.8697961568832397,False
AIZ_GRID_005,2026-10-06,0.0,False
AIZ_GRID_005,2026-10-07,0.0,False
AIZ_GRID_005,2026-10-08,2.174490451812744,False
AIZ_GRID_006,2026-09-13,1.9758787155151367,False
AIZ_GRID_006,2026-09-14,0.0495263300836086,False
AIZ_GRID_006,2026-09-15,0.0850412473082542,False
AIZ_GRID_006,2026-09-16,46.7407455444336,False
AIZ_GRID_006,2026-09-17,0.1417053490877151,False
AIZ_GRID_006,2026-09-18,0.8601043224334717,False
AIZ_GRID_006,2026-09-19,0.1821548640727996,True
AIZ_GRID_006,2026-09-20,18.86363220214844,False
AIZ_GRID_006,2026-09-21,0.0,False
AIZ_GRID_006,2026-09-22,0.5130624771118164,False
AIZ_GRID_006,2026-09-23,0.0539326854050159,False
AIZ_GRID_006,2026-09-24,16.623157501220703,False
AIZ_GRID_006,2026-09-25,10.794880867004396,False
AIZ_GRID_006,2026-09-26,5.1895432472229,False
AIZ_GRID_006,2026-09-27,3.138245105743408,False
AIZ_GRID_006,2026-09-28,0.0,False
AIZ_GRID_006,2026-09-29,0.1887643933296203,False
AIZ_GRID_006,2026-09-30,8.151853561401367,False
AIZ_GRID_006,2026-10-01,39.938995361328125,False
AIZ_GRID_006,2026-10-02,10.96241569519043,False
AIZ_GRID_006,2026-10-03,0.7443059682846069,False
AIZ_GRID_006,2026-10-04,16.4038143157959,False
AIZ_GRID_006,2026-10-05,0.8697961568832397,False
AIZ_GRID_006,2026-10-06,0.0,False
AIZ_GRID_006,2026-10-07,0.0,False
AIZ_GRID_006,2026-10-08,2.174490451812744,False
AIZ_GRID_008,2026-09-13,1.9758787155151367,False
AIZ_GRID_008,2026-09-14,0.0495263300836086,False
AIZ_GRID_008,2026-09-15,0.0850412473082542,False
AIZ_GRID_008,2026-09-16,46.7407455444336,False
AIZ_GRID_008,2026-09-17,0.1417053490877151,False
AIZ_GRID_008,2026-09-18,0.8601043224334717,False
AIZ_GRID_008,2026-09-19,0.1821548640727996,True
AIZ_GRID_008,2026-09-20,18.86363220214844,False
AIZ_GRID_008,2026-09-21,0.0,False
AIZ_GRID_008,2026-09-22,0.5130624771118164,False
AIZ_GRID_008,2026-09-23,0.0539326854050159,False
AIZ_GRID_008,2026-09-24,16.623157501220703,False
AIZ_GRID_008,2026-09-25,10.794880867004396,False
AIZ_GRID_008,2026-09-26,5.1895432472229,False
AIZ_GRID_008,2026-09-27,3.138245105743408,False
AIZ_GRID_008,2026-09-28,0.0,False
AIZ_GRID_008,2026-09-29,0.1887643933296203,False
AIZ_GRID_008,2026-09-30,8.151853561401367,False
AIZ_GRID_008,2026-10-01,39.938995361328125,False
AIZ_GRID_008,2026-10-02,10.96241569519043,False
AIZ_GRID_008,2026-10-03,0.7443059682846069,False
AIZ_GRID_008,2026-10-04,16.4038143157959,False
AIZ_GRID_008,2026-10-05,0.8697961568832397,False
AIZ_GRID_008,2026-10-06,0.0,False
AIZ_GRID_008,2026-10-07,0.0,False
AIZ_GRID_008,2026-10-08,2.174490451812744,False
AIZ_GRID_009,2026-09-13,1.9758787155151367,False
AIZ_GRID_009,2026-09-14,0.0495263300836086,False
AIZ_GRID_009,2026-09-15,0.0850412473082542,False
AIZ_GRID_009,2026-09-16,46.7407455444336,False
AIZ_GRID_009,2026-09-17,0.1417053490877151,False
AIZ_GRID_009,2026-09-18,0.8601043224334717,False
AIZ_GRID_009,2026-09-19,0.1821548640727996,True
AIZ_GRID_009,2026-09-20,18.86363220214844,False
AIZ_GRID_009,2026-09-21,0.0,False
AIZ_GRID_009,2026-09-22,0.5130624771118164,False
AIZ_GRID_009,2026-09-23,0.0539326854050159,False
AIZ_GRID_009,2026-09-24,16.623157501220703,False
AIZ_GRID_009,2026-09-25,10.794880867004396,False
AIZ_GRID_009,2026-09-26,5.1895432472229,False
AIZ_GRID_009,2026-09-27,3.138245105743408,False
AIZ_GRID_009,2026-09-28,0.0,False
AIZ_GRID_009,2026-09-29,0.1887643933296203,False
AIZ_GRID_009,2026-09-30,8.151853561401367,False
AIZ_GRID_009,2026-10-01,39.938995361328125,False
AIZ_GRID_009,2026-10-02,10.96241569519043,False
AIZ_GRID_009,2026-10-03,0.7443059682846069,False
AIZ_GRID_009,2026-10-04,16.4038143157959,False
AIZ_GRID_009,2026-10-05,0.8697961568832397,False
AIZ_GRID_009,2026-10-06,0.0,False
AIZ_GRID_009,2026-10-07,0.0,False
AIZ_GRID_009,2026-10-08,2.174490451812744,False
AIZ_GRID_011,2026-09-13,1.9758787155151367,False
AIZ_GRID_011,2026-09-14,0.0495263300836086,False
AIZ_GRID_011,2026-09-15,0.0850412473082542,False
AIZ_GRID_011,2026-09-16,46.7407455444336,False
AIZ_GRID_011,2026-09-17,0.1417053490877151,False
AIZ_GRID_011,2026-09-18,0.8601043224334717,False
AIZ_GRID_011,2026-09-19,0.1821548640727996,True
AIZ_GRID_011,2026-09-20,18.86363220214844,False
AIZ_GRID_011,2026-09-21,0.0,False
AIZ_GRID_011,2026-09-22,0.5130624771118164,False
AIZ_GRID_011,2026-09-23,0.0539326854050159,False
AIZ_GRID_011,2026-09-24,16.623157501220703,False
AIZ_GRID_011,2026-09-25,10.794880867004396,False
AIZ_GRID_011,2026-09-26,5.1895432472229,False
AIZ_GRID_011,2026-09-27,3.138245105743408,False
AIZ_GRID_011,2026-09-28,0.0,False
AIZ_GRID_011,2026-09-29,0.1887643933296203,False
AIZ_GRID_011,2026-09-30,8.151853561401367,False
AIZ_GRID_011,2026-10-01,39.938995361328125,False
AIZ_GRID_011,2026-10-02,10.96241569519043,False
AIZ_GRID_011,2026-10-03,0.7443059682846069,False
AIZ_GRID_011,2026-10-04,16.4038143157959,False
AIZ_GRID_011,2026-10-05,0.8697961568832397,False
AIZ_GRID_011,2026-10-06,0.0,False
AIZ_GRID_011,2026-10-07,0.0,False
AIZ_GRID_011,2026-10-08,2.174490451812744,False
AIZ_GRID_012,2026-09-13,1.9758787155151367,False
AIZ_GRID_012,2026-09-14,0.0495263300836086,False
AIZ_GRID_012,2026-09-15,0.0850412473082542,False
AIZ_GRID_012,2026-09-16,46.7407455444336,False
AIZ_GRID_012,2026-09-17,0.1417053490877151,False
AIZ_GRID_012,2026-09-18,0.8601043224334717,False
AIZ_GRID_012,2026-09-19,0.1821548640727996,True
AIZ_GRID_012,2026-09-20,18.86363220214844,False
AIZ_GRID_012,2026-09-21,0.0,False
AIZ_GRID_012,2026-09-22,0.5130624771118164,False
AIZ_GRID_012,2026-09-23,0.0539326854050159,False
AIZ_GRID_012,2026-09-24,16.623157501220703,False
AIZ_GRID_012,2026-09-25,10.794880867004396,False
AIZ_GRID_012,2026-09-26,5.1895432472229,False
AIZ_GRID_012,2026-09-27,3.138245105743408,False
AIZ_GRID_012,2026-09-28,0.0,False
AIZ_GRID_012,2026-09-29,0.1887643933296203,False
AIZ_GRID_012,2026-09-30,8.151853561401367,False
AIZ_GRID_012,2026-10-01,39.938995361328125,False
AIZ_GRID_012,2026-10-02,10.96241569519043,False
AIZ_GRID_012,2026-10-03,0.7443059682846069,False
AIZ_GRID_012,2026-10-04,16.4038143157959,False
AIZ_GRID_012,2026-10-05,0.8697961568832397,False
AIZ_GRID_012,2026-10-06,0.0,False
AIZ_GRID_012,2026-10-07,0.0,False
AIZ_GRID_012,2026-10-08,2.174490451812744,False
AIZ_GRID_019,2026-09-13,1.9758787155151367,False
AIZ_GRID_019,2026-09-14,0.0495263300836086,False
AIZ_GRID_019,2026-09-15,0.0850412473082542,False
AIZ_GRID_019,2026-09-16,46.7407455444336,False
AIZ_GRID_019,2026-09-17,0.1417053490877151,False
AIZ_GRID_019,2026-09-18,0.8601043224334717,False
AIZ_GRID_019,2026-09-19,0.1821548640727996,True
AIZ_GRID_019,2026-09-20,18.86363220214844,False
AIZ_GRID_019,2026-09-21,0.0,False
AIZ_GRID_019,2026-09-22,0.5130624771118164,False
AIZ_GRID_019,2026-09-23,0.0539326854050159,False
AIZ_GRID_019,2026-09-24,16.623157501220703,False
AIZ_GRID_019,2026-09-25,10.794880867004396,False
AIZ_GRID_019,2026-09-26,5.1895432472229,False
AIZ_GRID_019,2026-09-27,3.138245105743408,False
AIZ_GRID_019,2026-09-28,0.0,False
AIZ_GRID_019,2026-09-29,0.1887643933296203,False
AIZ_GRID_019,2026-09-30,8.151853561401367,False
AIZ_GRID_019,2026-10-01,39.938995361328125,False
AIZ_GRID_019,2026-10-02,10.96241569519043,False
AIZ_GRID_019,2026-10-03,0.7443059682846069,False
AIZ_GRID_019,2026-10-04,16.4038143157959,False
AIZ_GRID_019,2026-10-05,0.8697961568832397,False
AIZ_GRID_019,2026-10-06,0.0,False
AIZ_GRID_019,2026-10-07,0.0,False
AIZ_GRID_019,2026-10-08,2.174490451812744,False
AIZ_GRID_020,2026-09-13,1.9758787155151367,False
AIZ_GRID_020,2026-09-14,0.0495263300836086,False
AIZ_GRID_020,2026-09-15,0.0850412473082542,False
AIZ_GRID_020,2026-09-16,46.7407455444336,False
AIZ_GRID_020,2026-09-17,0.1417053490877151,False
AIZ_GRID_020,2026-09-18,0.8601043224334717,False
AIZ_GRID_020,2026-09-19,0.1821548640727996,True
AIZ_GRID_020,2026-09-20,18.86363220214844,False
AIZ_GRID_020,2026-09-21,0.0,False
AIZ_GRID_020,2026-09-22,0.5130624771118164,False
AIZ_GRID_020,2026-09-23,0.0539326854050159,False
AIZ_GRID_020,2026-09-24,16.623157501220703,False
AIZ_GRID_020,2026-09-25,10.794880867004396,False
AIZ_GRID_020,2026-09-26,5.1895432472229,False
AIZ_GRID_020,2026-09-27,3.138245105743408,False
AIZ_GRID_020,2026-09-28,0.0,False
AIZ_GRID_020,2026-09-29,0.1887643933296203,False
AIZ_GRID_020,2026-09-30,8.151853561401367,False
AIZ_GRID_020,2026-10-01,39.938995361328125,False
AIZ_GRID_020,2026-10-02,10.96241569519043,False
AIZ_GRID_020,2026-10-03,0.7443059682846069,False
AIZ_GRID_020,2026-10-04,16.4038143157959,False
AIZ_GRID_020,2026-10-05,0.8697961568832397,False
AIZ_GRID_020,2026-10-06,0.0,False
AIZ_GRID_020,2026-10-07,0.0,False
AIZ_GRID_020,2026-10-08,2.174490451812744,False
AIZ_GRID_025,2026-09-13,2.2496178150177,False
AIZ_GRID_025,2026-09-14,0.0,False
AIZ_GRID_025,2026-09-15,0.0687562599778175,False
AIZ_GRID_025,2026-09-16,38.3360595703125,False
AIZ_GRID_025,2026-09-17,1.241345763206482,False
AIZ_GRID_025,2026-09-18,2.026749849319458,False
AIZ_GRID_025,2026-09-19,0.0,True
AIZ_GRID_025,2026-09-20,17.377721786499023,False
AIZ_GRID_025,2026-09-21,0.0,False
AIZ_GRID_025,2026-09-22,1.6758166551589966,False
AIZ_GRID_025,2026-09-23,0.2695862352848053,False
AIZ_GRID_025,2026-09-24,16.069232940673828,False
AIZ_GRID_025,2026-09-25,9.92898178100586,False
AIZ_GRID_025,2026-09-26,5.3502936363220215,False
AIZ_GRID_025,2026-09-27,2.964433431625366,False
AIZ_GRID_025,2026-09-28,0.0,False
AIZ_GRID_025,2026-09-29,0.0,False
AIZ_GRID_025,2026-09-30,8.835988998413086,False
AIZ_GRID_025,2026-10-01,37.8652229309082,False
AIZ_GRID_025,2026-10-02,10.403031349182129,False
AIZ_GRID_025,2026-10-03,0.4504910409450531,False
AIZ_GRID_025,2026-10-04,13.62333869934082,False
AIZ_GRID_025,2026-10-05,0.8832457661628723,False
AIZ_GRID_025,2026-10-06,0.0,False
AIZ_GRID_025,2026-10-07,0.0,False
AIZ_GRID_025,2026-10-08,5.7949676513671875,False
AIZ_GRID_026,2026-09-13,1.9758787155151367,False
AIZ_GRID_026,2026-09-14,0.0495263300836086,False
AIZ_GRID_026,2026-09-15,0.0850412473082542,False
AIZ_GRID_026,2026-09-16,46.7407455444336,False
AIZ_GRID_026,2026-09-17,0.1417053490877151,False
AIZ_GRID_026,2026-09-18,0.8601043224334717,False
AIZ_GRID_026,2026-09-19,0.1821548640727996,True
AIZ_GRID_026,2026-09-20,18.86363220214844,False
AIZ_GRID_026,2026-09-21,0.0,False
AIZ_GRID_026,2026-09-22,0.5130624771118164,False
AIZ_GRID_026,2026-09-23,0.0539326854050159,False
AIZ_GRID_026,2026-09-24,16.623157501220703,False
AIZ_GRID_026,2026-09-25,10.794880867004396,False
AIZ_GRID_026,2026-09-26,5.1895432472229,False
AIZ_GRID_026,2026-09-27,3.138245105743408,False
AIZ_GRID_026,2026-09-28,0.0,False
AIZ_GRID_026,2026-09-29,0.1887643933296203,False
AIZ_GRID_026,2026-09-30,8.151853561401367,False
AIZ_GRID_026,2026-10-01,39.938995361328125,False
AIZ_GRID_026,2026-10-02,10.96241569519043,False
AIZ_GRID_026,2026-10-03,0.7443059682846069,False
AIZ_GRID_026,2026-10-04,16.4038143157959,False
AIZ_GRID_026,2026-10-05,0.8697961568832397,False
AIZ_GRID_026,2026-10-06,0.0,False
AIZ_GRID_026,2026-10-07,0.0,False
AIZ_GRID_026,2026-10-08,2.174490451812744,False
AIZ_GRID_027,2026-09-13,1.9758787155151367,False
AIZ_GRID_027,2026-09-14,0.0495263300836086,False
AIZ_GRID_027,2026-09-15,0.0850412473082542,False
AIZ_GRID_027,2026-09-16,46.7407455444336,False
AIZ_GRID_027,2026-09-17,0.1417053490877151,False
AIZ_GRID_027,2026-09-18,0.8601043224334717,False
AIZ_GRID_027,2026-09-19,0.1821548640727996,True
AIZ_GRID_027,2026-09-20,18.86363220214844,False
AIZ_GRID_027,2026-09-21,0.0,False
AIZ_GRID_027,2026-09-22,0.5130624771118164,False
AIZ_GRID_027,2026-09-23,0.0539326854050159,False
AIZ_GRID_027,2026-09-24,16.623157501220703,False
AIZ_GRID_027,2026-09-25,10.794880867004396,False
AIZ_GRID_027,2026-09-26,5.1895432472229,False
AIZ_GRID_027,2026-09-27,3.138245105743408,False
AIZ_GRID_027,2026-09-28,0.0,False
AIZ_GRID_027,2026-09-29,0.1887643933296203,False
AIZ_GRID_027,2026-09-30,8.151853561401367,False
AIZ_GRID_027,2026-10-01,39.938995361328125,False
AIZ_GRID_027,2026-10-02,10.96241569519043,False
AIZ_GRID_027,2026-10-03,0.7443059682846069,False
AIZ_GRID_027,2026-10-04,16.4038143157959,False
AIZ_GRID_027,2026-10-05,0.8697961568832397,False
AIZ_GRID_027,2026-10-06,0.0,False
AIZ_GRID_027,2026-10-07,0.0,False
AIZ_GRID_027,2026-10-08,2.174490451812744,False
AIZ_GRID_028,2026-09-13,1.9758787155151367,False
AIZ_GRID_028,2026-09-14,0.0495263300836086,False
AIZ_GRID_028,2026-09-15,0.0850412473082542,False
AIZ_GRID_028,2026-09-16,46.7407455444336,False
AIZ_GRID_028,2026-09-17,0.1417053490877151,False
AIZ_GRID_028,2026-09-18,0.8601043224334717,False
AIZ_GRID_028,2026-09-19,0.1821548640727996,True
AIZ_GRID_028,2026-09-20,18.86363220214844,False
AIZ_GRID_028,2026-09-21,0.0,False
AIZ_GRID_028,2026-09-22,0.5130624771118164,False
AIZ_GRID_028,2026-09-23,0.0539326854050159,False
AIZ_GRID_028,2026-09-24,16.623157501220703,False
AIZ_GRID_028,2026-09-25,10.794880867004396,False
AIZ_GRID_028,2026-09-26,5.1895432472229,False
AIZ_GRID_028,2026-09-27,3.138245105743408,False
AIZ_GRID_028,2026-09-28,0.0,False
AIZ_GRID_028,2026-09-29,0.1887643933296203,False
AIZ_GRID_028,2026-09-30,8.151853561401367,False
AIZ_GRID_028,2026-10-01,39.938995361328125,False
AIZ_GRID_028,2026-10-02,10.96241569519043,False
AIZ_GRID_028,2026-10-03,0.7443059682846069,False
AIZ_GRID_028,2026-10-04,16.4038143157959,False
AIZ_GRID_028,2026-10-05,0.8697961568832397,False
AIZ_GRID_028,2026-10-06,0.0,False
AIZ_GRID_028,2026-10-07,0.0,False
AIZ_GRID_028,2026-10-08,2.174490451812744,False
AIZ_GRID_032,2026-09-13,2.2496178150177,False
AIZ_GRID_032,2026-09-14,0.0,False
AIZ_GRID_032,2026-09-15,0.0687562599778175,False
AIZ_GRID_032,2026-09-16,38.3360595703125,False
AIZ_GRID_032,2026-09-17,1.241345763206482,False
AIZ_GRID_032,2026-09-18,2.026749849319458,False
AIZ_GRID_032,2026-09-19,0.0,True
AIZ_GRID_032,2026-09-20,17.377721786499023,False
AIZ_GRID_032,2026-09-21,0.0,False
AIZ_GRID_032,2026-09-22,1.6758166551589966,False
AIZ_GRID_032,2026-09-23,0.2695862352848053,False
AIZ_GRID_032,2026-09-24,16.069232940673828,False
AIZ_GRID_032,2026-09-25,9.92898178100586,False
AIZ_GRID_032,2026-09-26,5.3502936363220215,False
AIZ_GRID_032,2026-09-27,2.964433431625366,False
AIZ_GRID_032,2026-09-28,0.0,False
AIZ_GRID_032,2026-09-29,0.0,False
AIZ_GRID_032,2026-09-30,8.835988998413086,False
AIZ_GRID_032,2026-10-01,37.8652229309082,False
AIZ_GRID_032,2026-10-02,10.403031349182129,False
AIZ_GRID_032,2026-10-03,0.4504910409450531,False
AIZ_GRID_032,2026-10-04,13.62333869934082,False
AIZ_GRID_032,2026-10-05,0.8832457661628723,False
AIZ_GRID_032,2026-10-06,0.0,False
AIZ_GRID_032,2026-10-07,0.0,False
AIZ_GRID_032,2026-10-08,5.7949676513671875,False
AIZ_GRID_033,2026-09-13,2.2496178150177,False
AIZ_GRID_033,2026-09-14,0.0,False
AIZ_GRID_033,2026-09-15,0.0687562599778175,False
AIZ_GRID_033,2026-09-16,38.3360595703125,False
AIZ_GRID_033,2026-09-17,1.241345763206482,False
AIZ_GRID_033,2026-09-18,2.026749849319458,False
AIZ_GRID_033,2026-09-19,0.0,True
AIZ_GRID_033,2026-09-20,17.377721786499023,False
AIZ_GRID_033,2026-09-21,0.0,False
AIZ_GRID_033,2026-09-22,1.6758166551589966,False
AIZ_GRID_033,2026-09-23,0.2695862352848053,False
AIZ_GRID_033,2026-09-24,16.069232940673828,False
AIZ_GRID_033,2026-09-25,9.92898178100586,False
AIZ_GRID_033,2026-09-26,5.3502936363220215,False
AIZ_GRID_033,2026-09-27,2.964433431625366,False
AIZ_GRID_033,2026-09-28,0.0,False
AIZ_GRID_033,2026-09-29,0.0,False
AIZ_GRID_033,2026-09-30,8.835988998413086,False
AIZ_GRID_033,2026-10-01,37.8652229309082,False
AIZ_GRID_033,2026-10-02,10.403031349182129,False
AIZ_GRID_033,2026-10-03,0.4504910409450531,False
AIZ_GRID_033,2026-10-04,13.62333869934082,False
AIZ_GRID_033,2026-10-05,0.8832457661628723,False
AIZ_GRID_033,2026-10-06,0.0,False
AIZ_GRID_033,2026-10-07,0.0,False
AIZ_GRID_033,2026-10-08,5.7949676513671875,False
AIZ_GRID_036,2026-09-13,2.2496178150177,False
AIZ_GRID_036,2026-09-14,0.0,False
AIZ_GRID_036,2026-09-15,0.0687562599778175,False
AIZ_GRID_036,2026-09-16,38.3360595703125,False
AIZ_GRID_036,2026-09-17,1.241345763206482,False
AIZ_GRID_036,2026-09-18,2.026749849319458,False
AIZ_GRID_036,2026-09-19,0.0,True
AIZ_GRID_036,2026-09-20,17.377721786499023,False
AIZ_GRID_036,2026-09-21,0.0,False
AIZ_GRID_036,2026-09-22,1.6758166551589966,False
AIZ_GRID_036,2026-09-23,0.2695862352848053,False
AIZ_GRID_036,2026-09-24,16.069232940673828,False
AIZ_GRID_036,2026-09-25,9.92898178100586,False
AIZ_GRID_036,2026-09-26,5.3502936363220215,False
AIZ_GRID_036,2026-09-27,2.964433431625366,False
AIZ_GRID_036,2026-09-28,0.0,False
AIZ_GRID_036,2026-09-29,0.0,False
AIZ_GRID_036,2026-09-30,8.835988998413086,False
AIZ_GRID_036,2026-10-01,37.8652229309082,False
AIZ_GRID_036,2026-10-02,10.403031349182129,False
AIZ_GRID_036,2026-10-03,0.4504910409450531,False
AIZ_GRID_036,2026-10-04,13.62333869934082,False
AIZ_GRID_036,2026-10-05,0.8832457661628723,False
AIZ_GRID_036,2026-10-06,0.0,False
AIZ_GRID_036,2026-10-07,0.0,False
AIZ_GRID_036,2026-10-08,5.7949676513671875,False
AIZ_GRID_040,2026-09-13,2.2496178150177,False
AIZ_GRID_040,2026-09-14,0.0,False
AIZ_GRID_040,2026-09-15,0.0687562599778175,False
AIZ_GRID_040,2026-09-16,38.3360595703125,False
AIZ_GRID_040,2026-09-17,1.241345763206482,False
AIZ_GRID_040,2026-09-18,2.026749849319458,False
AIZ_GRID_040,2026-09-19,0.0,True
AIZ_GRID_040,2026-09-20,17.377721786499023,False
AIZ_GRID_040,2026-09-21,0.0,False
AIZ_GRID_040,2026-09-22,1.6758166551589966,False
AIZ_GRID_040,2026-09-23,0.2695862352848053,False
AIZ_GRID_040,2026-09-24,16.069232940673828,False
AIZ_GRID_040,2026-09-25,9.92898178100586,False
AIZ_GRID_040,2026-09-26,5.3502936363220215,False
AIZ_GRID_040,2026-09-27,2.964433431625366,False
AIZ_GRID_040,2026-09-28,0.0,False
AIZ_GRID_040,2026-09-29,0.0,False
AIZ_GRID_040,2026-09-30,8.835988998413086,False
AIZ_GRID_040,2026-10-01,37.8652229309082,False
AIZ_GRID_040,2026-10-02,10.403031349182129,False
AIZ_GRID_040,2026-10-03,0.4504910409450531,False
AIZ_GRID_040,2026-10-04,13.62333869934082,False
AIZ_GRID_040,2026-10-05,0.8832457661628723,False
AIZ_GRID_040,2026-10-06,0.0,False
AIZ_GRID_040,2026-10-07,0.0,False
AIZ_GRID_040,2026-10-08,5.7949676513671875,False
AIZ_GRID_041,2026-09-13,2.2496178150177,False
AIZ_GRID_041,2026-09-14,0.0,False
AIZ_GRID_041,2026-09-15,0.0687562599778175,False
AIZ_GRID_041,2026-09-16,38.3360595703125,False
AIZ_GRID_041,2026-09-17,1.241345763206482,False
AIZ_GRID_041,2026-09-18,2.026749849319458,False
AIZ_GRID_041,2026-09-19,0.0,True
AIZ_GRID_041,2026-09-20,17.377721786499023,False
AIZ_GRID_041,2026-09-21,0.0,False
AIZ_GRID_041,2026-09-22,1.6758166551589966,False
AIZ_GRID_041,2026-09-23,0.2695862352848053,False
AIZ_GRID_041,2026-09-24,16.069232940673828,False
AIZ_GRID_041,2026-09-25,9.92898178100586,False
AIZ_GRID_041,2026-09-26,5.3502936363220215,False
AIZ_GRID_041,2026-09-27,2.964433431625366,False
AIZ_GRID_041,2026-09-28,0.0,False
AIZ_GRID_041,2026-09-29,0.0,False
AIZ_GRID_041,2026-09-30,8.835988998413086,False
AIZ_GRID_041,2026-10-01,37.8652229309082,False
AIZ_GRID_041,2026-10-02,10.403031349182129,False
AIZ_GRID_041,2026-10-03,0.4504910409450531,False
AIZ_GRID_041,2026-10-04,13.62333869934082,False
AIZ_GRID_041,2026-10-05,0.8832457661628723,False
AIZ_GRID_041,2026-10-06,0.0,False
AIZ_GRID_041,2026-10-07,0.0,False
AIZ_GRID_041,2026-10-08,5.7949676513671875,False
AIZ_GRID_042,2026-09-13,2.2496178150177,False
AIZ_GRID_042,2026-09-14,0.0,False
AIZ_GRID_042,2026-09-15,0.0687562599778175,False
AIZ_GRID_042,2026-09-16,38.3360595703125,False
AIZ_GRID_042,2026-09-17,1.241345763206482,False
AIZ_GRID_042,2026-09-18,2.026749849319458,False
AIZ_GRID_042,2026-09-19,0.0,True
AIZ_GRID_042,2026-09-20,17.377721786499023,False
AIZ_GRID_042,2026-09-21,0.0,False
AIZ_GRID_042,2026-09-22,1.6758166551589966,False
AIZ_GRID_042,2026-09-23,0.2695862352848053,False
AIZ_GRID_042,2026-09-24,16.069232940673828,False
AIZ_GRID_042,2026-09-25,9.92898178100586,False
AIZ_GRID_042,2026-09-26,5.3502936363220215,False
AIZ_GRID_042,2026-09-27,2.964433431625366,False
AIZ_GRID_042,2026-09-28,0.0,False
AIZ_GRID_042,2026-09-29,0.0,False
AIZ_GRID_042,2026-09-30,8.835988998413086,False
AIZ_GRID_042,2026-10-01,37.8652229309082,False
AIZ_GRID_042,2026-10-02,10.403031349182129,False
AIZ_GRID_042,2026-10-03,0.4504910409450531,False
AIZ_GRID_042,2026-10-04,13.62333869934082,False
AIZ_GRID_042,2026-10-05,0.8832457661628723,False
AIZ_GRID_042,2026-10-06,0.0,False
AIZ_GRID_042,2026-10-07,0.0,False
AIZ_GRID_042,2026-10-08,5.7949676513671875,False
AIZ_GRID_043,2026-09-13,2.2496178150177,False
AIZ_GRID_043,2026-09-14,0.0,False
AIZ_GRID_043,2026-09-15,0.0687562599778175,False
AIZ_GRID_043,2026-09-16,38.3360595703125,False
AIZ_GRID_043,2026-09-17,1.241345763206482,False
AIZ_GRID_043,2026-09-18,2.026749849319458,False
AIZ_GRID_043,2026-09-19,0.0,True
AIZ_GRID_043,2026-09-20,17.377721786499023,False
AIZ_GRID_043,2026-09-21,0.0,False
AIZ_GRID_043,2026-09-22,1.6758166551589966,False
AIZ_GRID_043,2026-09-23,0.2695862352848053,False
AIZ_GRID_043,2026-09-24,16.069232940673828,False
AIZ_GRID_043,2026-09-25,9.92898178100586,False
AIZ_GRID_043,2026-09-26,5.3502936363220215,False
AIZ_GRID_043,2026-09-27,2.964433431625366,False
AIZ_GRID_043,2026-09-28,0.0,False
AIZ_GRID_043,2026-09-29,0.0,False
AIZ_GRID_043,2026-09-30,8.835988998413086,False
AIZ_GRID_043,2026-10-01,37.8652229309082,False
AIZ_GRID_043,2026-10-02,10.403031349182129,False
AIZ_GRID_043,2026-10-03,0.4504910409450531,False
AIZ_GRID_043,2026-10-04,13.62333869934082,False
AIZ_GRID_043,2026-10-05,0.8832457661628723,False
AIZ_GRID_043,2026-10-06,0.0,False
AIZ_GRID_043,2026-10-07,0.0,False
AIZ_GRID_043,2026-10-08,5.7949676513671875,False
AIZ_GRID_044,2026-09-13,2.2496178150177,False
AIZ_GRID_044,2026-09-14,0.0,False
AIZ_GRID_044,2026-09-15,0.0687562599778175,False
AIZ_GRID_044,2026-09-16,38.3360595703125,False
AIZ_GRID_044,2026-09-17,1.241345763206482,False
AIZ_GRID_044,2026-09-18,2.026749849319458,False
AIZ_GRID_044,2026-09-19,0.0,True
AIZ_GRID_044,2026-09-20,17.377721786499023,False
AIZ_GRID_044,2026-09-21,0.0,False
AIZ_GRID_044,2026-09-22,1.6758166551589966,False
AIZ_GRID_044,2026-09-23,0.2695862352848053,False
AIZ_GRID_044,2026-09-24,16.069232940673828,False
AIZ_GRID_044,2026-09-25,9.92898178100586,False
AIZ_GRID_044,2026-09-26,5.3502936363220215,False
AIZ_GRID_044,2026-09-27,2.964433431625366,False
AIZ_GRID_044,2026-09-28,0.0,False
AIZ_GRID_044,2026-09-29,0.0,False
AIZ_GRID_044,2026-09-30,8.835988998413086,False
AIZ_GRID_044,2026-10-01,37.8652229309082,False
AIZ_GRID_044,2026-10-02,10.403031349182129,False
AIZ_GRID_044,2026-10-03,0.4504910409450531,False
AIZ_GRID_044,2026-10-04,13.62333869934082,False
AIZ_GRID_044,2026-10-05,0.8832457661628723,False
AIZ_GRID_044,2026-10-06,0.0,False
AIZ_GRID_044,2026-10-07,0.0,False
AIZ_GRID_044,2026-10-08,5.7949676513671875,False
AIZ_GRID_048,2026-09-13,2.2496178150177,False
AIZ_GRID_048,2026-09-14,0.0,False
AIZ_GRID_048,2026-09-15,0.0687562599778175,False
AIZ_GRID_048,2026-09-16,38.3360595703125,False
AIZ_GRID_048,2026-09-17,1.241345763206482,False
AIZ_GRID_048,2026-09-18,2.026749849319458,False
AIZ_GRID_048,2026-09-19,0.0,True
AIZ_GRID_048,2026-09-20,17.377721786499023,False
AIZ_GRID_048,2026-09-21,0.0,False
AIZ_GRID_048,2026-09-22,1.6758166551589966,False
AIZ_GRID_048,2026-09-23,0.2695862352848053,False
AIZ_GRID_048,2026-09-24,16.069232940673828,False
AIZ_GRID_048,2026-09-25,9.92898178100586,False
AIZ_GRID_048,2026-09-26,5.3502936363220215,False
AIZ_GRID_048,2026-09-27,2.964433431625366,False
AIZ_GRID_048,2026-09-28,0.0,False
AIZ_GRID_048,2026-09-29,0.0,False
AIZ_GRID_048,2026-09-30,8.835988998413086,False
AIZ_GRID_048,2026-10-01,37.8652229309082,False
AIZ_GRID_048,2026-10-02,10.403031349182129,False
AIZ_GRID_048,2026-10-03,0.4504910409450531,False
AIZ_GRID_048,2026-10-04,13.62333869934082,False
AIZ_GRID_048,2026-10-05,0.8832457661628723,False
AIZ_GRID_048,2026-10-06,0.0,False
AIZ_GRID_048,2026-10-07,0.0,False
AIZ_GRID_048,2026-10-08,5.7949676513671875,False
AIZ_GRID_049,2026-09-13,2.2496178150177,False
AIZ_GRID_049,2026-09-14,0.0,False
AIZ_GRID_049,2026-09-15,0.0687562599778175,False
AIZ_GRID_049,2026-09-16,38.3360595703125,False
AIZ_GRID_049,2026-09-17,1.241345763206482,False
AIZ_GRID_049,2026-09-18,2.026749849319458,False
AIZ_GRID_049,2026-09-19,0.0,True
AIZ_GRID_049,2026-09-20,17.377721786499023,False
AIZ_GRID_049,2026-09-21,0.0,False
AIZ_GRID_049,2026-09-22,1.6758166551589966,False
AIZ_GRID_049,2026-09-23,0.2695862352848053,False
AIZ_GRID_049,2026-09-24,16.069232940673828,False
AIZ_GRID_049,2026-09-25,9.92898178100586,False
AIZ_GRID_049,2026-09-26,5.3502936363220215,False
AIZ_GRID_049,2026-09-27,2.964433431625366,False
AIZ_GRID_049,2026-09-28,0.0,False
AIZ_GRID_049,2026-09-29,0.0,False
AIZ_GRID_049,2026-09-30,8.835988998413086,False
AIZ_GRID_049,2026-10-01,37.8652229309082,False
AIZ_GRID_049,2026-10-02,10.403031349182129,False
AIZ_GRID_049,2026-10-03,0.4504910409450531,False
AIZ_GRID_049,2026-10-04,13.62333869934082,False
AIZ_GRID_049,2026-10-05,0.8832457661628723,False
AIZ_GRID_049,2026-10-06,0.0,False
AIZ_GRID_049,2026-10-07,0.0,False
AIZ_GRID_049,2026-10-08,5.7949676513671875,False
AIZ_GRID_050,2026-09-13,2.2496178150177,False
AIZ_GRID_050,2026-09-14,0.0,False
AIZ_GRID_050,2026-09-15,0.0687562599778175,False
AIZ_GRID_050,2026-09-16,38.3360595703125,False
AIZ_GRID_050,2026-09-17,1.241345763206482,False
AIZ_GRID_050,2026-09-18,2.026749849319458,False
AIZ_GRID_050,2026-09-19,0.0,True
AIZ_GRID_050,2026-09-20,17.377721786499023,False
AIZ_GRID_050,2026-09-21,0.0,False
AIZ_GRID_050,2026-09-22,1.6758166551589966,False
AIZ_GRID_050,2026-09-23,0.2695862352848053,False
AIZ_GRID_050,2026-09-24,16.069232940673828,False
AIZ_GRID_050,2026-09-25,9.92898178100586,False
AIZ_GRID_050,2026-09-26,5.3502936363220215,False
AIZ_GRID_050,2026-09-27,2.964433431625366,False
AIZ_GRID_050,2026-09-28,0.0,False
AIZ_GRID_050,2026-09-29,0.0,False
AIZ_GRID_050,2026-09-30,8.835988998413086,False
AIZ_GRID_050,2026-10-01,37.8652229309082,False
AIZ_GRID_050,2026-10-02,10.403031349182129,False
AIZ_GRID_050,2026-10-03,0.4504910409450531,False
AIZ_GRID_050,2026-10-04,13.62333869934082,False
AIZ_GRID_050,2026-10-05,0.8832457661628723,False
AIZ_GRID_050,2026-10-06,0.0,False
AIZ_GRID_050,2026-10-07,0.0,False
AIZ_GRID_050,2026-10-08,5.7949676513671875,False
AIZ_GRID_051,2026-09-13,2.2496178150177,False
AIZ_GRID_051,2026-09-14,0.0,False
AIZ_GRID_051,2026-09-15,0.0687562599778175,False
AIZ_GRID_051,2026-09-16,38.3360595703125,False
AIZ_GRID_051,2026-09-17,1.241345763206482,False
AIZ_GRID_051,2026-09-18,2.026749849319458,False
AIZ_GRID_051,2026-09-19,0.0,True
AIZ_GRID_051,2026-09-20,17.377721786499023,False
AIZ_GRID_051,2026-09-21,0.0,False
AIZ_GRID_051,2026-09-22,1.6758166551589966,False
AIZ_GRID_051,2026-09-23,0.2695862352848053,False
AIZ_GRID_051,2026-09-24,16.069232940673828,False
AIZ_GRID_051,2026-09-25,9.92898178100586,False
AIZ_GRID_051,2026-09-26,5.3502936363220215,False
AIZ_GRID_051,2026-09-27,2.964433431625366,False
AIZ_GRID_051,2026-09-28,0.0,False
AIZ_GRID_051,2026-09-29,0.0,False
AIZ_GRID_051,2026-09-30,8.835988998413086,False
AIZ_GRID_051,2026-10-01,37.8652229309082,False
AIZ_GRID_051,2026-10-02,10.403031349182129,False
AIZ_GRID_051,2026-10-03,0.4504910409450531,False
AIZ_GRID_051,2026-10-04,13.62333869934082,False
AIZ_GRID_051,2026-10-05,0.8832457661628723,False
AIZ_GRID_051,2026-10-06,0.0,False
AIZ_GRID_051,2026-10-07,0.0,False
AIZ_GRID_051,2026-10-08,5.7949676513671875,False
AIZ_GRID_052,2026-09-13,2.2496178150177,False
AIZ_GRID_052,2026-09-14,0.0,False
AIZ_GRID_052,2026-09-15,0.0687562599778175,False
AIZ_GRID_052,2026-09-16,38.3360595703125,False
AIZ_GRID_052,2026-09-17,1.241345763206482,False
AIZ_GRID_052,2026-09-18,2.026749849319458,False
AIZ_GRID_052,2026-09-19,0.0,True
AIZ_GRID_052,2026-09-20,17.377721786499023,False
AIZ_GRID_052,2026-09-21,0.0,False
AIZ_GRID_052,2026-09-22,1.6758166551589966,False
AIZ_GRID_052,2026-09-23,0.2695862352848053,False
AIZ_GRID_052,2026-09-24,16.069232940673828,False
AIZ_GRID_052,2026-09-25,9.92898178100586,False
AIZ_GRID_052,2026-09-26,5.3502936363220215,False
AIZ_GRID_052,2026-09-27,2.964433431625366,False
AIZ_GRID_052,2026-09-28,0.0,False
AIZ_GRID_052,2026-09-29,0.0,False
AIZ_GRID_052,2026-09-30,8.835988998413086,False
AIZ_GRID_052,2026-10-01,37.8652229309082,False
AIZ_GRID_052,2026-10-02,10.403031349182129,False
AIZ_GRID_052,2026-10-03,0.4504910409450531,False
AIZ_GRID_052,2026-10-04,13.62333869934082,False
AIZ_GRID_052,2026-10-05,0.8832457661628723,False
AIZ_GRID_052,2026-10-06,0.0,False
AIZ_GRID_052,2026-10-07,0.0,False
AIZ_GRID_052,2026-10-08,5.7949676513671875,False
AIZ_GRID_057,2026-09-13,2.2496178150177,False
AIZ_GRID_057,2026-09-14,0.0,False
AIZ_GRID_057,2026-09-15,0.0687562599778175,False
AIZ_GRID_057,2026-09-16,38.3360595703125,False
AIZ_GRID_057,2026-09-17,1.241345763206482,False
AIZ_GRID_057,2026-09-18,2.026749849319458,False
AIZ_GRID_057,2026-09-19,0.0,True
AIZ_GRID_057,2026-09-20,17.377721786499023,False
AIZ_GRID_057,2026-09-21,0.0,False
AIZ_GRID_057,2026-09-22,1.6758166551589966,False
AIZ_GRID_057,2026-09-23,0.2695862352848053,False
AIZ_GRID_057,2026-09-24,16.069232940673828,False
AIZ_GRID_057,2026-09-25,9.92898178100586,False
AIZ_GRID_057,2026-09-26,5.3502936363220215,False
AIZ_GRID_057,2026-09-27,2.964433431625366,False
AIZ_GRID_057,2026-09-28,0.0,False
AIZ_GRID_057,2026-09-29,0.0,False
AIZ_GRID_057,2026-09-30,8.835988998413086,False
AIZ_GRID_057,2026-10-01,37.8652229309082,False
AIZ_GRID_057,2026-10-02,10.403031349182129,False
AIZ_GRID_057,2026-10-03,0.4504910409450531,False
AIZ_GRID_057,2026-10-04,13.62333869934082,False
AIZ_GRID_057,2026-10-05,0.8832457661628723,False
AIZ_GRID_057,2026-10-06,0.0,False
AIZ_GRID_057,2026-10-07,0.0,False
AIZ_GRID_057,2026-10-08,5.7949676513671875,False
AIZ_GRID_059,2026-09-13,2.2496178150177,False
AIZ_GRID_059,2026-09-14,0.0,False
AIZ_GRID_059,2026-09-15,0.0687562599778175,False
AIZ_GRID_059,2026-09-16,38.3360595703125,False
AIZ_GRID_059,2026-09-17,1.241345763206482,False
AIZ_GRID_059,2026-09-18,2.026749849319458,False
AIZ_GRID_059,2026-09-19,0.0,True
AIZ_GRID_059,2026-09-20,17.377721786499023,False
AIZ_GRID_059,2026-09-21,0.0,False
AIZ_GRID_059,2026-09-22,1.6758166551589966,False
AIZ_GRID_059,2026-09-23,0.2695862352848053,False
AIZ_GRID_059,2026-09-24,16.069232940673828,False
AIZ_GRID_059,2026-09-25,9.92898178100586,False
AIZ_GRID_059,2026-09-26,5.3502936363220215,False
AIZ_GRID_059,2026-09-27,2.964433431625366,False
AIZ_GRID_059,2026-09-28,0.0,False
AIZ_GRID_059,2026-09-29,0.0,False
AIZ_GRID_059,2026-09-30,8.835988998413086,False
AIZ_GRID_059,2026-10-01,37.8652229309082,False
AIZ_GRID_059,2026-10-02,10.403031349182129,False
AIZ_GRID_059,2026-10-03,0.4504910409450531,False
AIZ_GRID_059,2026-10-04,13.62333869934082,False
AIZ_GRID_059,2026-10-05,0.8832457661628723,False
AIZ_GRID_059,2026-10-06,0.0,False
AIZ_GRID_059,2026-10-07,0.0,False
AIZ_GRID_059,2026-10-08,5.7949676513671875,False
AIZ_GRID_069,2026-09-13,1.4493370056152344,False
AIZ_GRID_069,2026-09-14,0.0,False
AIZ_GRID_069,2026-09-15,0.0725796744227409,False
AIZ_GRID_069,2026-09-16,39.27740859985352,False
AIZ_GRID_069,2026-09-17,4.975166320800781,False
AIZ_GRID_069,2026-09-18,5.653468608856201,False
AIZ_GRID_069,2026-09-19,0.0,True
AIZ_GRID_069,2026-09-20,14.78196907043457,False
AIZ_GRID_069,2026-09-21,0.0,False
AIZ_GRID_069,2026-09-22,4.862133502960205,False
AIZ_GRID_069,2026-09-23,0.0,False
AIZ_GRID_069,2026-09-24,12.622934341430664,False
AIZ_GRID_069,2026-09-25,9.39297866821289,False
AIZ_GRID_069,2026-09-26,4.79862117767334,False
AIZ_GRID_069,2026-09-27,2.375396728515625,False
AIZ_GRID_069,2026-09-28,0.0,False
AIZ_GRID_069,2026-09-29,0.0,False
AIZ_GRID_069,2026-09-30,7.50583553314209,False
AIZ_GRID_069,2026-10-01,29.52831268310547,False
AIZ_GRID_069,2026-10-02,14.395249366760254,False
AIZ_GRID_069,2026-10-03,1.6447608470916748,False
AIZ_GRID_069,2026-10-04,14.50762939453125,False
AIZ_GRID_069,2026-10-05,0.6308081746101379,False
AIZ_GRID_069,2026-10-06,0.0,False
AIZ_GRID_069,2026-10-07,0.0,False
AIZ_GRID_069,2026-10-08,5.92262077331543,False
AIZ_GRID_070,2026-09-13,1.4493370056152344,False
AIZ_GRID_070,2026-09-14,0.0,False
AIZ_GRID_070,2026-09-15,0.0725796744227409,False
AIZ_GRID_070,2026-09-16,39.27740859985352,False
AIZ_GRID_070,2026-09-17,4.975166320800781,False
AIZ_GRID_070,2026-09-18,5.653468608856201,False
AIZ_GRID_070,2026-09-19,0.0,True
AIZ_GRID_070,2026-09-20,14.78196907043457,False
AIZ_GRID_070,2026-09-21,0.0,False
AIZ_GRID_070,2026-09-22,4.862133502960205,False
AIZ_GRID_070,2026-09-23,0.0,False
AIZ_GRID_070,2026-09-24,12.622934341430664,False
AIZ_GRID_070,2026-09-25,9.39297866821289,False
AIZ_GRID_070,2026-09-26,4.79862117767334,False
AIZ_GRID_070,2026-09-27,2.375396728515625,False
AIZ_GRID_070,2026-09-28,0.0,False
AIZ_GRID_070,2026-09-29,0.0,False
AIZ_GRID_070,2026-09-30,7.50583553314209,False
AIZ_GRID_070,2026-10-01,29.52831268310547,False
AIZ_GRID_070,2026-10-02,14.395249366760254,False
AIZ_GRID_070,2026-10-03,1.6447608470916748,False
AIZ_GRID_070,2026-10-04,14.50762939453125,False
AIZ_GRID_070,2026-10-05,0.6308081746101379,False
AIZ_GRID_070,2026-10-06,0.0,False
AIZ_GRID_070,2026-10-07,0.0,False
AIZ_GRID_070,2026-10-08,5.92262077331543,False
AIZ_GRID_111,2026-09-13,0.0,False
AIZ_GRID_111,2026-09-14,0.0,False
AIZ_GRID_111,2026-09-15,0.0,False
AIZ_GRID_111,2026-09-16,0.7835379242897034,False
AIZ_GRID_111,2026-09-17,14.194174766540527,False
AIZ_GRID_111,2026-09-18,14.161080360412598,False
AIZ_GRID_111,2026-09-19,0.0,True
AIZ_GRID_111,2026-09-20,0.794278085231781,False
AIZ_GRID_111,2026-09-21,0.5846769213676453,False
AIZ_GRID_111,2026-09-22,15.316360473632812,False
AIZ_GRID_111,2026-09-23,1.4463458061218262,False
AIZ_GRID_111,2026-09-24,0.0330949202179908,False
AIZ_GRID_111,2026-09-25,1.5502591133117676,False
AIZ_GRID_111,2026-09-26,3.004608392715454,False
AIZ_GRID_111,2026-09-27,0.0,False
AIZ_GRID_111,2026-09-28,0.0,False
AIZ_GRID_111,2026-09-29,0.0,False
AIZ_GRID_111,2026-09-30,5.193367958068848,False
AIZ_GRID_111,2026-10-01,3.332772016525269,False
AIZ_GRID_111,2026-10-02,20.907880783081055,False
AIZ_GRID_111,2026-10-03,6.4487080574035645,False
AIZ_GRID_111,2026-10-04,1.2250866889953613,False
AIZ_GRID_111,2026-10-05,0.0,False
AIZ_GRID_111,2026-10-06,0.0,False
AIZ_GRID_111,2026-10-07,0.5736452341079712,False
AIZ_GRID_111,2026-10-08,11.900793075561523,False
AIZ_GRID_116,2026-09-13,0.0,False
AIZ_GRID_116,2026-09-14,0.0,False
AIZ_GRID_116,2026-09-15,0.0,False
AIZ_GRID_116,2026-09-16,0.7835379242897034,False
AIZ_GRID_116,2026-09-17,14.194174766540527,False
AIZ_GRID_116,2026-09-18,14.161080360412598,False
AIZ_GRID_116,2026-09-19,0.0,True
AIZ_GRID_116,2026-09-20,0.794278085231781,False
AIZ_GRID_116,2026-09-21,0.5846769213676453,False
AIZ_GRID_116,2026-09-22,15.316360473632812,False
AIZ_GRID_116,2026-09-23,1.4463458061218262,False
AIZ_GRID_116,2026-09-24,0.0330949202179908,False
AIZ_GRID_116,2026-09-25,1.5502591133117676,False
AIZ_GRID_116,2026-09-26,3.004608392715454,False
AIZ_GRID_116,2026-09-27,0.0,False
AIZ_GRID_116,2026-09-28,0.0,False
AIZ_GRID_116,2026-09-29,0.0,False
AIZ_GRID_116,2026-09-30,5.193367958068848,False
AIZ_GRID_116,2026-10-01,3.332772016525269,False
AIZ_GRID_116,2026-10-02,20.907880783081055,False
AIZ_GRID_116,2026-10-03,6.4487080574035645,False
AIZ_GRID_116,2026-10-04,1.2250866889953613,False
AIZ_GRID_116,2026-10-05,0.0,False
AIZ_GRID_116,2026-10-06,0.0,False
AIZ_GRID_116,2026-10-07,0.5736452341079712,False
AIZ_GRID_116,2026-10-08,11.900793075561523,False
AIZ_GRID_117,2026-09-13,0.0,False
AIZ_GRID_117,2026-09-14,0.0,False
AIZ_GRID_117,2026-09-15,0.0,False
AIZ_GRID_117,2026-09-16,0.7835379242897034,False
AIZ_GRID_117,2026-09-17,14.194174766540527,False
AIZ_GRID_117,2026-09-18,14.161080360412598,False
AIZ_GRID_117,2026-09-19,0.0,True
AIZ_GRID_117,2026-09-20,0.794278085231781,False
AIZ_GRID_117,2026-09-21,0.5846769213676453,False
AIZ_GRID_117,2026-09-22,15.316360473632812,False
AIZ_GRID_117,2026-09-23,1.4463458061218262,False
AIZ_GRID_117,2026-09-24,0.0330949202179908,False
AIZ_GRID_117,2026-09-25,1.5502591133117676,False
AIZ_GRID_117,2026-09-26,3.004608392715454,False
AIZ_GRID_117,2026-09-27,0.0,False
AIZ_GRID_117,2026-09-28,0.0,False
AIZ_GRID_117,2026-09-29,0.0,False
AIZ_GRID_117,2026-09-30,5.193367958068848,False
AIZ_GRID_117,2026-10-01,3.332772016525269,False
AIZ_GRID_117,2026-10-02,20.907880783081055,False
AIZ_GRID_117,2026-10-03,6.4487080574035645,False
AIZ_GRID_117,2026-10-04,1.2250866889953613,False
AIZ_GRID_117,2026-10-05,0.0,False
AIZ_GRID_117,2026-10-06,0.0,False
AIZ_GRID_117,2026-10-07,0.5736452341079712,False
AIZ_GRID_117,2026-10-08,11.900793075561523,False
AIZ_GRID_122,2026-09-13,0.0,False
AIZ_GRID_122,2026-09-14,0.0,False
AIZ_GRID_122,2026-09-15,0.0,False
AIZ_GRID_122,2026-09-16,0.7835379242897034,False
AIZ_GRID_122,2026-09-17,14.194174766540527,False
AIZ_GRID_122,2026-09-18,14.161080360412598,False
AIZ_GRID_122,2026-09-19,0.0,True
AIZ_GRID_122,2026-09-20,0.794278085231781,False
AIZ_GRID_122,2026-09-21,0.5846769213676453,False
AIZ_GRID_122,2026-09-22,15.316360473632812,False
AIZ_GRID_122,2026-09-23,1.4463458061218262,False
AIZ_GRID_122,2026-09-24,0.0330949202179908,False
AIZ_GRID_122,2026-09-25,1.5502591133117676,False
AIZ_GRID_122,2026-09-26,3.004608392715454,False
AIZ_GRID_122,2026-09-27,0.0,False
AIZ_GRID_122,2026-09-28,0.0,False
AIZ_GRID_122,2026-09-29,0.0,False
AIZ_GRID_122,2026-09-30,5.193367958068848,False
AIZ_GRID_122,2026-10-01,3.332772016525269,False
AIZ_GRID_122,2026-10-02,20.907880783081055,False
AIZ_GRID_122,2026-10-03,6.4487080574035645,False
AIZ_GRID_122,2026-10-04,1.2250866889953613,False
AIZ_GRID_122,2026-10-05,0.0,False
AIZ_GRID_122,2026-10-06,0.0,False
AIZ_GRID_122,2026-10-07,0.5736452341079712,False
AIZ_GRID_122,2026-10-08,11.900793075561523,False
