grid_id,run_timestamp,as_of_date,reason
AIZ_GRID_002,2026-09-22T04:54:01.350594+05:30,2026-01-04,"IMD download failed: ('Connection aborted.', ConnectionResetError(104, 'Connection reset by peer'))"
AIZ_GRID_004,2026-09-22T04:54:01.350607+05:30,2026-01-04,"IMD download failed: ('Connection aborted.', ConnectionResetError(104, 'Connection reset by peer'))"
AIZ_GRID_005,2026-09-22T04:54:01.350610+05:30,2026-01-04,"IMD download failed: ('Connection aborted.', ConnectionResetError(104, 'Connection reset by peer'))"
AIZ_GRID_006,2026-09-22T04:54:01.350613+05:30,2026-01-04,"IMD download failed: ('Connection aborted.', ConnectionResetError(104, 'Connection reset by peer'))"
AIZ_GRID_008,2026-09-22T04:54:01.350616+05:30,2026-01-04,"IMD download failed: ('Connection aborted.', ConnectionResetError(104, 'Connection reset by peer'))"
AIZ_GRID_009,2026-09-22T04:54:01.350619+05:30,2026-01-04,"IMD download failed: ('Connection aborted.', ConnectionResetError(104, 'Connection reset by peer'))"
AIZ_GRID_011,2026-09-22T04:54:01.350621+05:30,2026-01-04,"IMD download failed: ('Connection aborted.', ConnectionResetError(104, 'Connection reset by peer'))"
AIZ_GRID_012,2026-09-22T04:54:01.350624+05:30,2026-01-04,"IMD download failed: ('Connection aborted.', ConnectionResetError(104, 'Connection reset by peer'))"
AIZ_GRID_019,2026-09-22T04:54:01.350626+05:30,2026-01-04,"IMD download failed: ('Connection aborted.', ConnectionResetError(104, 'Connection reset by peer'))"
AIZ_GRID_020,2026-09-22T04:54:01.350629+05:30,2026-01-04,"IMD download failed: ('Connection aborted.', ConnectionResetError(104, 'Connection reset by peer'))"
AIZ_GRID_025,2026-09-22T04:54:01.350632+05:30,2026-01-04,"IMD download failed: ('Connection aborted.', ConnectionResetError(104, 'Connection reset by peer'))"
AIZ_GRID_026,2026-09-22T04:54:01.350635+05:30,2026-01-04,"IMD download failed: ('Connection aborted.', ConnectionResetError(104, 'Connection reset by peer'))"
AIZ_GRID_027,2026-09-22T04:54:01.350638+05:30,2026-01-04,"IMD download failed: ('Connection aborted.', ConnectionResetError(104, 'Connection reset by peer'))"
AIZ_GRID_028,2026-09-22T04:54:01.350640+05:30,2026-01-04,"IMD download failed: ('Connection aborted.', ConnectionResetError(104, 'Connection reset by peer'))"
AIZ_GRID_032,2026-09-22T04:54:01.350643+05:30,2026-01-04,"IMD download failed: ('Connection aborted.', ConnectionResetError(104, 'Connection reset by peer'))"
AIZ_GRID_033,2026-09-22T04:54:01.350647+05:30,2026-01-04,"IMD download failed: ('Connection aborted.', ConnectionResetError(104, 'Connection reset by peer'))"
AIZ_GRID_036,2026-09-22T04:54:01.350649+05:30,2026-01-04,"IMD download failed: ('Connection aborted.', ConnectionResetError(104, 'Connection reset by peer'))"
AIZ_GRID_040,2026-09-22T04:54:01.350652+05:30,2026-01-04,"IMD download failed: ('Connection aborted.', ConnectionResetError(104, 'Connection reset by peer'))"
AIZ_GRID_041,2026-09-22T04:54:01.350655+05:30,2026-01-04,"IMD download failed: ('Connection aborted.', ConnectionResetError(104, 'Connection reset by peer'))"
AIZ_GRID_042,2026-09-22T04:54:01.350657+05:30,2026-01-04,"IMD download failed: ('Connection aborted.', ConnectionResetError(104, 'Connection reset by peer'))"
AIZ_GRID_043,2026-09-22T04:54:01.350660+05:30,2026-01-04,"IMD download failed: ('Connection aborted.', ConnectionResetError(104, 'Connection reset by peer'))"
AIZ_GRID_044,2026-09-22T04:54:01.350663+05:30,2026-01-04,"IMD download failed: ('Connection aborted.', ConnectionResetError(104, 'Connection reset by peer'))"
AIZ_GRID_048,2026-09-22T04:54:01.350666+05:30,2026-01-04,"IMD download failed: ('Connection aborted.', ConnectionResetError(104, 'Connection reset by peer'))"
AIZ_GRID_049,2026-09-22T04:54:01.350668+05:30,2026-01-04,"IMD download failed: ('Connection aborted.', ConnectionResetError(104, 'Connection reset by peer'))"
AIZ_GRID_050,2026-09-22T04:54:01.350672+05:30,2026-01-04,"IMD download failed: ('Connection aborted.', ConnectionResetError(104, 'Connection reset by peer'))"
AIZ_GRID_051,2026-09-22T04:54:01.350675+05:30,2026-01-04,"IMD download failed: ('Connection aborted.', ConnectionResetError(104, 'Connection reset by peer'))"
AIZ_GRID_052,2026-09-22T04:54:01.350677+05:30,2026-01-04,"IMD download failed: ('Connection aborted.', ConnectionResetError(104, 'Connection reset by peer'))"
AIZ_GRID_057,2026-09-22T04:54:01.350680+05:30,2026-01-04,"IMD download failed: ('Connection aborted.', ConnectionResetError(104, 'Connection reset by peer'))"
AIZ_GRID_059,2026-09-22T04:54:01.350683+05:30,2026-01-04,"IMD download failed: ('Connection aborted.', ConnectionResetError(104, 'Connection reset by peer'))"
AIZ_GRID_069,2026-09-22T04:54:01.350685+05:30,2026-01-04,"IMD download failed: ('Connection aborted.', ConnectionResetError(104, 'Connection reset by peer'))"
AIZ_GRID_070,2026-09-22T04:54:01.350688+05:30,2026-01-04,"IMD download failed: ('Connection aborted.', ConnectionResetError(104, 'Connection reset by peer'))"
AIZ_GRID_111,2026-09-22T04:54:01.350691+05:30,2026-01-04,"IMD download failed: ('Connection aborted.', ConnectionResetError(104, 'Connection reset by peer'))"
AIZ_GRID_116,2026-09-22T04:54:01.350694+05:30,2026-01-04,"IMD download failed: ('Connection aborted.', ConnectionResetError(104, 'Connection reset by peer'))"
AIZ_GRID_117,2026-09-22T04:54:01.350697+05:30,2026-01-04,"IMD download failed: ('Connection aborted.', ConnectionResetError(104, 'Connection reset by peer'))"
AIZ_GRID_122,2026-09-22T04:54:01.350699+05:30,2026-01-04,"IMD download failed: ('Connection aborted.', ConnectionResetError(104, 'Connection reset by peer'))"
AIZ_GRID_057,2026-09-22T04:54:01.357592+05:30,2026-01-04,"No rainfall data available for 2026-01-04 after fetch — excluded, not fabricated."
AIZ_GRID_059,2026-09-22T04:54:01.357604+05:30,2026-01-04,"No rainfall data available for 2026-01-04 after fetch — excluded, not fabricated."
AIZ_GRID_011,2026-09-22T04:54:01.357608+05:30,2026-01-04,"No rainfall data available for 2026-01-04 after fetch — excluded, not fabricated."
AIZ_GRID_069,2026-09-22T04:54:01.357612+05:30,2026-01-04,"No rainfall data available for 2026-01-04 after fetch — excluded, not fabricated."
AIZ_GRID_070,2026-09-22T04:54:01.357615+05:30,2026-01-04,"No rainfall data available for 2026-01-04 after fetch — excluded, not fabricated."
AIZ_GRID_116,2026-09-22T04:54:01.357619+05:30,2026-01-04,"No rainfall data available for 2026-01-04 after fetch — excluded, not fabricated."
AIZ_GRID_040,2026-09-22T04:54:01.357622+05:30,2026-01-04,"No rainfall data available for 2026-01-04 after fetch — excluded, not fabricated."
AIZ_GRID_027,2026-09-22T04:54:01.357625+05:30,2026-01-04,"No rainfall data available for 2026-01-04 after fetch — excluded, not fabricated."
AIZ_GRID_026,2026-09-22T04:54:01.357629+05:30,2026-01-04,"No rainfall data available for 2026-01-04 after fetch — excluded, not fabricated."
AIZ_GRID_036,2026-09-22T04:54:01.357632+05:30,2026-01-04,"No rainfall data available for 2026-01-04 after fetch — excluded, not fabricated."
AIZ_GRID_122,2026-09-22T04:54:01.357635+05:30,2026-01-04,"No rainfall data available for 2026-01-04 after fetch — excluded, not fabricated."
AIZ_GRID_025,2026-09-22T04:54:01.357638+05:30,2026-01-04,"No rainfall data available for 2026-01-04 after fetch — excluded, not fabricated."
AIZ_GRID_032,2026-09-22T04:54:01.357641+05:30,2026-01-04,"No rainfall data available for 2026-01-04 after fetch — excluded, not fabricated."
AIZ_GRID_051,2026-09-22T04:54:01.357644+05:30,2026-01-04,"No rainfall data available for 2026-01-04 after fetch — excluded, not fabricated."
AIZ_GRID_052,2026-09-22T04:54:01.357647+05:30,2026-01-04,"No rainfall data available for 2026-01-04 after fetch — excluded, not fabricated."
AIZ_GRID_050,2026-09-22T04:54:01.357650+05:30,2026-01-04,"No rainfall data available for 2026-01-04 after fetch — excluded, not fabricated."
AIZ_GRID_020,2026-09-22T04:54:01.357654+05:30,2026-01-04,"No rainfall data available for 2026-01-04 after fetch — excluded, not fabricated."
AIZ_GRID_009,2026-09-22T04:54:01.357657+05:30,2026-01-04,"No rainfall data available for 2026-01-04 after fetch — excluded, not fabricated."
AIZ_GRID_012,2026-09-22T04:54:01.357660+05:30,2026-01-04,"No rainfall data available for 2026-01-04 after fetch — excluded, not fabricated."
AIZ_GRID_048,2026-09-22T04:54:01.357663+05:30,2026-01-04,"No rainfall data available for 2026-01-04 after fetch — excluded, not fabricated."
AIZ_GRID_042,2026-09-22T04:54:01.357666+05:30,2026-01-04,"No rainfall data available for 2026-01-04 after fetch — excluded, not fabricated."
AIZ_GRID_004,2026-09-22T04:54:01.357669+05:30,2026-01-04,"No rainfall data available for 2026-01-04 after fetch — excluded, not fabricated."
AIZ_GRID_006,2026-09-22T04:54:01.357673+05:30,2026-01-04,"No rainfall data available for 2026-01-04 after fetch — excluded, not fabricated."
AIZ_GRID_033,2026-09-22T04:54:01.357676+05:30,2026-01-04,"No rainfall data available for 2026-01-04 after fetch — excluded, not fabricated."
AIZ_GRID_008,2026-09-22T04:54:01.357679+05:30,2026-01-04,"No rainfall data available for 2026-01-04 after fetch — excluded, not fabricated."
AIZ_GRID_043,2026-09-22T04:54:01.357682+05:30,2026-01-04,"No rainfall data available for 2026-01-04 after fetch — excluded, not fabricated."
AIZ_GRID_111,2026-09-22T04:54:01.357685+05:30,2026-01-04,"No rainfall data available for 2026-01-04 after fetch — excluded, not fabricated."
AIZ_GRID_049,2026-09-22T04:54:01.357688+05:30,2026-01-04,"No rainfall data available for 2026-01-04 after fetch — excluded, not fabricated."
AIZ_GRID_028,2026-09-22T04:54:01.357691+05:30,2026-01-04,"No rainfall data available for 2026-01-04 after fetch — excluded, not fabricated."
AIZ_GRID_117,2026-09-22T04:54:01.357694+05:30,2026-01-04,"No rainfall data available for 2026-01-04 after fetch — excluded, not fabricated."
AIZ_GRID_005,2026-09-22T04:54:01.357698+05:30,2026-01-04,"No rainfall data available for 2026-01-04 after fetch — excluded, not fabricated."
AIZ_GRID_002,2026-09-22T04:54:01.357701+05:30,2026-01-04,"No rainfall data available for 2026-01-04 after fetch — excluded, not fabricated."
AIZ_GRID_041,2026-09-22T04:54:01.357704+05:30,2026-01-04,"No rainfall data available for 2026-01-04 after fetch — excluded, not fabricated."
AIZ_GRID_019,2026-09-22T04:54:01.357707+05:30,2026-01-04,"No rainfall data available for 2026-01-04 after fetch — excluded, not fabricated."
AIZ_GRID_044,2026-09-22T04:54:01.357736+05:30,2026-01-04,"No rainfall data available for 2026-01-04 after fetch — excluded, not fabricated."
